{"version":"12.2.2","customList":[],"sheets":{"附表二":{"name":"附表二","rowCount":155,"columnCount":5,"activeRow":14,"activeCol":3,"colHeaderRowCount":4,"theme":"Office","data":{"dataTable":{"0":{"0":{"value":"一、申报抵扣的进项税额","style":{"hAlign":1,"font":"bold 10pt Calibri","borderLeft":{"style":1},"borderTop":{"style":1},"borderRight":{"style":1},"borderBottom":{"style":1}}},"1":{"style":{"font":"bold 10pt Calibri","borderLeft":{"style":1},"borderTop":{"style":1},"borderRight":{"style":1},"borderBottom":{"style":1}}},"2":{"style":{"font":"bold 10pt Calibri","borderLeft":{"style":1},"borderTop":{"style":1},"borderRight":{"style":1},"borderBottom":{"style":1}}},"3":{"style":{"font":"bold 10pt Calibri","borderLeft":{"style":1},"borderTop":{"style":1},"borderRight":{"style":1},"borderBottom":{"style":1}}},"4":{"style":{"font":"bold 10pt Calibri","borderLeft":{"style":1},"borderTop":{"style":1},"borderRight":{"style":1},"borderBottom":{"style":1}}}},"1":{"0":{"style":{"hAlign":1,"vAlign":1,"font":"10pt 宋体","borderLeft":{"style":1},"borderTop":{"style":1},"borderRight":{"style":1},"borderBottom":{"style":1}}},"1":{"style":{"hAlign":0,"vAlign":1,"font":"10pt 宋体","borderLeft":{"style":1},"borderTop":{"style":1},"borderRight":{"style":1},"borderBottom":{"style":1}}},"2":{"value":"份数","style":{"hAlign":1,"vAlign":1,"font":"10pt 宋体","borderLeft":{"style":1},"borderTop":{"style":1},"borderRight":{"style":1},"borderBottom":{"style":1}}},"3":{"style":{"hAlign":1,"vAlign":1,"font":"10pt 宋体","borderLeft":{"style":1},"borderTop":{"style":1},"borderRight":{"style":1},"borderBottom":{"style":1}}},"4":{"value":"税额","style":{"hAlign":1,"vAlign":1,"font":"10pt 宋体","borderLeft":{"style":1},"borderTop":{"style":1},"borderRight":{"style":1},"borderBottom":{"style":1}}}},"2":{"0":{"value":"（一）认证相符的增值税专用发票","style":{"hAlign":0,"vAlign":1,"font":"13.3333px 宋体","borderLeft":{"style":1},"borderTop":{"style":1},"borderRight":{"style":1},"borderBottom":{"style":1}}},"1":{"value":"1=2+3","style":{"hAlign":0,"vAlign":1,"font":"13.3333px 宋体","borderLeft":{"style":1},"borderTop":{"style":1},"borderRight":{"style":1},"borderBottom":{"style":1}}},"2":{"value":1,"style":{"hAlign":1,"vAlign":1,"font":"13.3333px 宋体","formatter":"0","borderLeft":{"style":1},"borderTop":{"style":1},"borderRight":{"style":1},"borderBottom":{"style":1},"locked":true,"textIndent":null,"imeMode":1},"formula":"SUM(C4,C5)"},"3":{"value":0,"style":{"hAlign":3,"vAlign":1,"font":"13.3333px 宋体","borderLeft":{"style":1},"borderTop":{"style":1},"borderRight":{"style":1},"borderBottom":{"style":1},"imeMode":1},"formula":"D4+D5"},"4":{"value":0,"style":{"hAlign":3,"vAlign":1,"font":"13.3333px 宋体","borderLeft":{"style":1},"borderTop":{"style":1},"borderRight":{"style":1},"borderBottom":{"style":1},"imeMode":1},"formula":"E4+E5"}},"3":{"0":{"value":"        其中：本期认证相符且本期申报抵扣","style":{"hAlign":0,"vAlign":1,"font":"13.3333px 宋体","borderLeft":{"style":1},"borderTop":{"style":1},"borderRight":{"style":1},"borderBottom":{"style":1}}},"1":{"value":2,"style":{"hAlign":0,"vAlign":1,"font":"13.3333px 宋体","borderLeft":{"style":1},"borderTop":{"style":1},"borderRight":{"style":1},"borderBottom":{"style":1}}},"2":{"value":1,"style":{"hAlign":1,"vAlign":1,"font":"13.3333px 宋体","formatter":"0","borderLeft":{"style":1},"borderTop":{"style":1},"borderRight":{"style":1},"borderBottom":{"style":1},"locked":true,"textIndent":null,"imeMode":1}},"3":{"value":0,"style":{"hAlign":3,"vAlign":1,"font":"13.3333px 宋体","borderLeft":{"style":1},"borderTop":{"style":1},"borderRight":{"style":1},"borderBottom":{"style":1},"imeMode":1},"formula":"D47-D36"},"4":{"value":0,"style":{"hAlign":3,"vAlign":1,"font":"13.3333px 宋体","borderLeft":{"style":1},"borderTop":{"style":1},"borderRight":{"style":1},"borderBottom":{"style":1},"imeMode":1},"formula":"E47-E36"}},"4":{"0":{"value":"             前期认证相符且本期申报抵扣","style":{"hAlign":0,"vAlign":1,"font":"13.3333px 宋体","borderLeft":{"style":1},"borderTop":{"style":1},"borderRight":{"style":1},"borderBottom":{"style":1}}},"1":{"value":3,"style":{"hAlign":0,"vAlign":1,"font":"13.3333px 宋体","borderLeft":{"style":1},"borderTop":{"style":1},"borderRight":{"style":1},"borderBottom":{"style":1}}},"2":{"value":0,"style":{"hAlign":1,"vAlign":1,"font":"10pt 宋体","formatter":"0","borderLeft":{"style":1},"borderTop":{"style":1},"borderRight":{"style":1},"borderBottom":{"style":1},"locked":true,"textIndent":null,"imeMode":1}},"3":{"value":0,"style":{"hAlign":2,"vAlign":1,"font":"10pt 宋体","formatter":"General","borderLeft":{"style":1},"borderTop":{"style":1},"borderRight":{"style":1},"borderBottom":{"style":1},"locked":true,"imeMode":1},"formula":"D35+D36-D37"},"4":{"value":0,"style":{"hAlign":2,"vAlign":1,"font":"10pt 宋体","formatter":"General","borderLeft":{"style":1},"borderTop":{"style":1},"borderRight":{"style":1},"borderBottom":{"style":1},"locked":true,"imeMode":1},"formula":"E35+E36-E37"}},"5":{"0":{"value":"（二）其他扣税凭证","style":{"hAlign":0,"vAlign":1,"font":"13.3333px 宋体","borderLeft":{"style":1},"borderTop":{"style":1},"borderRight":{"style":1},"borderBottom":{"style":1}}},"1":{"value":4,"style":{"hAlign":0,"vAlign":1,"font":"13.3333px 宋体","borderLeft":{"style":1},"borderTop":{"style":1},"borderRight":{"style":1},"borderBottom":{"style":1}}},"2":{"value":0,"style":{"hAlign":1,"vAlign":1,"font":"10pt 宋体","formatter":"0","borderLeft":{"style":1},"borderTop":{"style":1},"borderRight":{"style":1},"borderBottom":{"style":1},"locked":true,"textIndent":null,"imeMode":1}},"3":{"value":0,"style":{"hAlign":2,"vAlign":1,"font":"10pt 宋体","formatter":"General","borderLeft":{"style":1},"borderTop":{"style":1},"borderRight":{"style":1},"borderBottom":{"style":1},"locked":true,"imeMode":1}},"4":{"value":0,"style":{"hAlign":2,"vAlign":1,"font":"10pt 宋体","formatter":"General","borderLeft":{"style":1},"borderTop":{"style":1},"borderRight":{"style":1},"borderBottom":{"style":1},"locked":true,"imeMode":1}}},"6":{"0":{"value":"        其中：海关进口增值税专用缴款书","style":{"hAlign":0,"vAlign":1,"font":"13.3333px 宋体","borderLeft":{"style":1},"borderTop":{"style":1},"borderRight":{"style":1},"borderBottom":{"style":1}}},"1":{"value":5,"style":{"hAlign":0,"vAlign":1,"font":"13.3333px 宋体","borderLeft":{"style":1},"borderTop":{"style":1},"borderRight":{"style":1},"borderBottom":{"style":1}}},"2":{"value":0,"style":{"hAlign":1,"vAlign":1,"font":"10pt 宋体","formatter":"0","borderLeft":{"style":1},"borderTop":{"style":1},"borderRight":{"style":1},"borderBottom":{"style":1},"locked":true,"textIndent":null,"imeMode":1}},"3":{"value":0,"style":{"hAlign":2,"vAlign":1,"font":"10pt 宋体","formatter":"General","borderLeft":{"style":1},"borderTop":{"style":1},"borderRight":{"style":1},"borderBottom":{"style":1},"locked":true,"imeMode":1}},"4":{"value":0,"style":{"hAlign":2,"vAlign":1,"font":"10pt 宋体","formatter":"General","borderLeft":{"style":1},"borderTop":{"style":1},"borderRight":{"style":1},"borderBottom":{"style":1},"locked":true}}},"7":{"0":{"style":{"borderLeft":null,"borderTop":null,"borderRight":null,"borderBottom":null}},"1":{"style":{"borderLeft":null,"borderTop":null,"borderRight":null,"borderBottom":null}},"2":{"style":{"borderLeft":null,"borderTop":null,"borderRight":null,"borderBottom":null}},"3":{"style":{"borderLeft":null,"borderTop":null,"borderRight":null,"borderBottom":null}},"4":{"style":{"borderLeft":null,"borderTop":null,"borderRight":null,"borderBottom":null}}},"8":{"0":{"style":{"borderLeft":null,"borderTop":null,"borderRight":null,"borderBottom":null}},"1":{"style":{"borderLeft":null,"borderTop":null,"borderRight":null,"borderBottom":null}},"2":{"style":{"borderLeft":null,"borderTop":null,"borderRight":null,"borderBottom":null}},"3":{"style":{"borderLeft":null,"borderTop":null,"borderRight":null,"borderBottom":null}},"4":{"style":{"borderLeft":null,"borderTop":null,"borderRight":null,"borderBottom":null}}},"9":{"0":{"style":{"borderLeft":null,"borderTop":null,"borderRight":null,"borderBottom":null}},"1":{"style":{"borderLeft":null,"borderTop":null,"borderRight":null,"borderBottom":null}},"2":{"style":{"borderLeft":null,"borderTop":null,"borderRight":null,"borderBottom":null}},"3":{"style":{"borderLeft":null,"borderTop":null,"borderRight":null,"borderBottom":null}},"4":{"style":{"borderLeft":null,"borderTop":null,"borderRight":null,"borderBottom":null}}},"10":{"0":{"style":{"borderLeft":null,"borderTop":null,"borderRight":null,"borderBottom":null}},"1":{"style":{"borderLeft":null,"borderTop":null,"borderRight":null,"borderBottom":null}},"2":{"style":{"borderLeft":null,"borderTop":null,"borderRight":null,"borderBottom":null}},"3":{"style":{"borderLeft":null,"borderTop":null,"borderRight":null,"borderBottom":null}},"4":{"style":{"borderLeft":null,"borderTop":null,"borderRight":null,"borderBottom":null}}},"11":{"0":{"style":{"borderLeft":null,"borderTop":null,"borderRight":null,"borderBottom":null}},"1":{"style":{"borderLeft":null,"borderTop":null,"borderRight":null,"borderBottom":null}},"2":{"style":{"borderLeft":null,"borderTop":null,"borderRight":null,"borderBottom":null}},"3":{"style":{"borderLeft":null,"borderTop":null,"borderRight":null,"borderBottom":null}},"4":{"style":{"borderLeft":null,"borderTop":null,"borderRight":null,"borderBottom":null}}},"12":{"0":{"style":{"borderLeft":null,"borderTop":null,"borderRight":null,"borderBottom":null}},"1":{"style":{"borderLeft":null,"borderTop":null,"borderRight":null,"borderBottom":null}},"2":{"style":{"borderLeft":null,"borderTop":null,"borderRight":null,"borderBottom":null}},"3":{"style":{"borderLeft":null,"borderTop":null,"borderRight":null,"borderBottom":null}},"4":{"style":{"borderLeft":null,"borderTop":null,"borderRight":null,"borderBottom":null}}},"13":{"0":{"style":{"borderLeft":null,"borderTop":null,"borderRight":null,"borderBottom":null}},"1":{"style":{"borderLeft":null,"borderTop":null,"borderRight":null,"borderBottom":null}},"2":{"style":{"borderLeft":null,"borderTop":null,"borderRight":null,"borderBottom":null}},"3":{"style":{"borderLeft":null,"borderTop":null,"borderRight":null,"borderBottom":null}},"4":{"style":{"borderLeft":null,"borderTop":null,"borderRight":null,"borderBottom":null}}},"14":{"0":{"style":{"borderLeft":null,"borderTop":null,"borderRight":null,"borderBottom":null}},"1":{"style":{"borderLeft":null,"borderTop":null,"borderRight":null,"borderBottom":null}},"2":{"style":{"borderLeft":null,"borderTop":null,"borderRight":null,"borderBottom":null}},"3":{"style":{"borderLeft":null,"borderTop":null,"borderRight":null,"borderBottom":null}},"4":{"style":{"borderLeft":null,"borderTop":null,"borderRight":null,"borderBottom":null}}},"15":{"0":{"style":{"borderLeft":null,"borderTop":null,"borderRight":null,"borderBottom":null}},"1":{"style":{"borderLeft":null,"borderTop":null,"borderRight":null,"borderBottom":null}},"2":{"style":{"borderLeft":null,"borderTop":null,"borderRight":null,"borderBottom":null}},"3":{"style":{"borderLeft":null,"borderTop":null,"borderRight":null,"borderBottom":null}},"4":{"style":{"borderLeft":null,"borderTop":null,"borderRight":null,"borderBottom":null}}},"16":{"0":{"style":{"borderLeft":null,"borderTop":null,"borderRight":null,"borderBottom":null}},"1":{"style":{"borderLeft":null,"borderTop":null,"borderRight":null,"borderBottom":null}},"2":{"style":{"borderLeft":null,"borderTop":null,"borderRight":null,"borderBottom":null}},"3":{"style":{"borderLeft":null,"borderTop":null,"borderRight":null,"borderBottom":null}},"4":{"style":{"borderLeft":null,"borderTop":null,"borderRight":null,"borderBottom":null}}},"17":{"0":{"style":{"borderLeft":null,"borderTop":null,"borderRight":null,"borderBottom":null}},"1":{"style":{"borderLeft":null,"borderTop":null,"borderRight":null,"borderBottom":null}},"2":{"style":{"borderLeft":null,"borderTop":null,"borderRight":null,"borderBottom":null}},"3":{"style":{"borderLeft":null,"borderTop":null,"borderRight":null,"borderBottom":null}},"4":{"style":{"borderLeft":null,"borderTop":null,"borderRight":null,"borderBottom":null}}},"18":{"0":{"style":{"borderLeft":null,"borderTop":null,"borderRight":null,"borderBottom":null}},"1":{"style":{"borderLeft":null,"borderTop":null,"borderRight":null,"borderBottom":null}},"2":{"style":{"borderLeft":null,"borderTop":null,"borderRight":null,"borderBottom":null}},"3":{"style":{"borderLeft":null,"borderTop":null,"borderRight":null,"borderBottom":null}},"4":{"style":{"borderLeft":null,"borderTop":null,"borderRight":null,"borderBottom":null}}},"19":{"0":{"style":{"borderLeft":null,"borderTop":null,"borderRight":null,"borderBottom":null}},"1":{"style":{"borderLeft":null,"borderTop":null,"borderRight":null,"borderBottom":null}},"2":{"style":{"borderLeft":null,"borderTop":null,"borderRight":null,"borderBottom":null}},"3":{"style":{"borderLeft":null,"borderTop":null,"borderRight":null,"borderBottom":null}},"4":{"style":{"borderLeft":null,"borderTop":null,"borderRight":null,"borderBottom":null}}},"20":{"0":{"style":{"borderLeft":null,"borderTop":null,"borderRight":null,"borderBottom":null}},"1":{"style":{"borderLeft":null,"borderTop":null,"borderRight":null,"borderBottom":null}},"2":{"style":{"borderLeft":null,"borderTop":null,"borderRight":null,"borderBottom":null}},"3":{"style":{"borderLeft":null,"borderTop":null,"borderRight":null,"borderBottom":null}},"4":{"style":{"borderLeft":null,"borderTop":null,"borderRight":null,"borderBottom":null}}},"21":{"0":{"style":{"borderLeft":null,"borderTop":null,"borderRight":null,"borderBottom":null}},"1":{"style":{"borderLeft":null,"borderTop":null,"borderRight":null,"borderBottom":null}},"2":{"style":{"borderLeft":null,"borderTop":null,"borderRight":null,"borderBottom":null}},"3":{"style":{"borderLeft":null,"borderTop":null,"borderRight":null,"borderBottom":null}},"4":{"style":{"borderLeft":null,"borderTop":null,"borderRight":null,"borderBottom":null}}},"22":{"0":{"style":{"borderLeft":null,"borderTop":null,"borderRight":null,"borderBottom":null}},"1":{"style":{"borderLeft":null,"borderTop":null,"borderRight":null,"borderBottom":null}},"2":{"style":{"borderLeft":null,"borderTop":null,"borderRight":null,"borderBottom":null}},"3":{"style":{"borderLeft":null,"borderTop":null,"borderRight":null,"borderBottom":null}},"4":{"style":{"borderLeft":null,"borderTop":null,"borderRight":null,"borderBottom":null}}},"23":{"0":{"style":{"borderLeft":null,"borderTop":null,"borderRight":null,"borderBottom":null}},"1":{"style":{"borderLeft":null,"borderTop":null,"borderRight":null,"borderBottom":null}},"2":{"style":{"borderLeft":null,"borderTop":null,"borderRight":null,"borderBottom":null}},"3":{"style":{"borderLeft":null,"borderTop":null,"borderRight":null,"borderBottom":null}},"4":{"style":{"borderLeft":null,"borderTop":null,"borderRight":null,"borderBottom":null}}},"24":{"0":{"style":{"borderLeft":null,"borderTop":null,"borderRight":null,"borderBottom":null}},"1":{"style":{"borderLeft":null,"borderTop":null,"borderRight":null,"borderBottom":null}},"2":{"style":{"borderLeft":null,"borderTop":null,"borderRight":null,"borderBottom":null}},"3":{"style":{"borderLeft":null,"borderTop":null,"borderRight":null,"borderBottom":null}},"4":{"style":{"borderLeft":null,"borderTop":null,"borderRight":null,"borderBottom":null}}},"25":{"0":{"style":{"borderLeft":null,"borderTop":null,"borderRight":null,"borderBottom":null}},"1":{"style":{"borderLeft":null,"borderTop":null,"borderRight":null,"borderBottom":null}},"2":{"style":{"borderLeft":null,"borderTop":null,"borderRight":null,"borderBottom":null}},"3":{"style":{"borderLeft":null,"borderTop":null,"borderRight":null,"borderBottom":null}},"4":{"style":{"borderLeft":null,"borderTop":null,"borderRight":null,"borderBottom":null}}},"26":{"0":{"style":{"borderLeft":null,"borderTop":null,"borderRight":null,"borderBottom":null}},"1":{"style":{"borderLeft":null,"borderTop":null,"borderRight":null,"borderBottom":null}},"2":{"style":{"borderLeft":null,"borderTop":null,"borderRight":null,"borderBottom":null}},"3":{"style":{"borderLeft":null,"borderTop":null,"borderRight":null,"borderBottom":null}},"4":{"style":{"borderLeft":null,"borderTop":null,"borderRight":null,"borderBottom":null}}},"27":{"0":{"style":{"borderLeft":null,"borderTop":null,"borderRight":null,"borderBottom":null}},"1":{"style":{"borderLeft":null,"borderTop":null,"borderRight":null,"borderBottom":null}},"2":{"style":{"borderLeft":null,"borderTop":null,"borderRight":null,"borderBottom":null}},"3":{"style":{"borderLeft":null,"borderTop":null,"borderRight":null,"borderBottom":null}},"4":{"style":{"borderLeft":null,"borderTop":null,"borderRight":null,"borderBottom":null}}},"28":{"0":{"style":{"borderLeft":null,"borderTop":null,"borderRight":null,"borderBottom":null}},"1":{"style":{"borderLeft":null,"borderTop":null,"borderRight":null,"borderBottom":null}},"2":{"style":{"borderLeft":null,"borderTop":null,"borderRight":null,"borderBottom":null}},"3":{"style":{"borderLeft":null,"borderTop":null,"borderRight":null,"borderBottom":null}},"4":{"style":{"borderLeft":null,"borderTop":null,"borderRight":null,"borderBottom":null}}},"29":{"0":{"style":{"borderLeft":null,"borderTop":null,"borderRight":null,"borderBottom":null}},"1":{"style":{"borderLeft":null,"borderTop":null,"borderRight":null,"borderBottom":null}},"2":{"style":{"borderLeft":null,"borderTop":null,"borderRight":null,"borderBottom":null}},"3":{"style":{"borderLeft":null,"borderTop":null,"borderRight":null,"borderBottom":null}},"4":{"style":{"borderLeft":null,"borderTop":null,"borderRight":null,"borderBottom":null}}},"30":{"0":{"style":{"borderLeft":null,"borderTop":null,"borderRight":null,"borderBottom":null}},"1":{"style":{"borderLeft":null,"borderTop":null,"borderRight":null,"borderBottom":null}},"2":{"style":{"borderLeft":null,"borderTop":null,"borderRight":null,"borderBottom":null}},"3":{"style":{"borderLeft":null,"borderTop":null,"borderRight":null,"borderBottom":null}},"4":{"style":{"borderLeft":null,"borderTop":null,"borderRight":null,"borderBottom":null}}},"31":{"0":{"style":{"borderLeft":null,"borderTop":null,"borderRight":null,"borderBottom":null}},"1":{"style":{"borderLeft":null,"borderTop":null,"borderRight":null,"borderBottom":null}},"2":{"style":{"borderLeft":null,"borderTop":null,"borderRight":null,"borderBottom":null}},"3":{"style":{"borderLeft":null,"borderTop":null,"borderRight":null,"borderBottom":null}},"4":{"style":{"borderLeft":null,"borderTop":null,"borderRight":null,"borderBottom":null}}},"32":{"0":{"style":{"borderLeft":null,"borderTop":null,"borderRight":null,"borderBottom":null}},"1":{"style":{"borderLeft":null,"borderTop":null,"borderRight":null,"borderBottom":null}},"2":{"style":{"borderLeft":null,"borderTop":null,"borderRight":null,"borderBottom":null}},"3":{"style":{"borderLeft":null,"borderTop":null,"borderRight":null,"borderBottom":null}},"4":{"style":{"borderLeft":null,"borderTop":null,"borderRight":null,"borderBottom":null}}},"33":{"0":{"style":{"borderLeft":null,"borderTop":null,"borderRight":null,"borderBottom":null}},"1":{"style":{"borderLeft":null,"borderTop":null,"borderRight":null,"borderBottom":null}},"2":{"style":{"borderLeft":null,"borderTop":null,"borderRight":null,"borderBottom":null}},"3":{"style":{"borderLeft":null,"borderTop":null,"borderRight":null,"borderBottom":null}},"4":{"style":{"borderLeft":null,"borderTop":null,"borderRight":null,"borderBottom":null}}},"34":{"0":{"style":{"borderLeft":null,"borderTop":null,"borderRight":null,"borderBottom":null}},"1":{"style":{"borderLeft":null,"borderTop":null,"borderRight":null,"borderBottom":null}},"2":{"style":{"borderLeft":null,"borderTop":null,"borderRight":null,"borderBottom":null}},"3":{"style":{"borderLeft":null,"borderTop":null,"borderRight":null,"borderBottom":null}},"4":{"style":{"borderLeft":null,"borderTop":null,"borderRight":null,"borderBottom":null}}},"35":{"0":{"style":{"borderLeft":null,"borderTop":null,"borderRight":null,"borderBottom":null}},"1":{"style":{"borderLeft":null,"borderTop":null,"borderRight":null,"borderBottom":null}},"2":{"style":{"borderLeft":null,"borderTop":null,"borderRight":null,"borderBottom":null}},"3":{"style":{"borderLeft":null,"borderTop":null,"borderRight":null,"borderBottom":null}},"4":{"style":{"borderLeft":null,"borderTop":null,"borderRight":null,"borderBottom":null}}},"36":{"0":{"style":{"borderLeft":null,"borderTop":null,"borderRight":null,"borderBottom":null}},"1":{"style":{"borderLeft":null,"borderTop":null,"borderRight":null,"borderBottom":null}},"2":{"style":{"borderLeft":null,"borderTop":null,"borderRight":null,"borderBottom":null}},"3":{"style":{"borderLeft":null,"borderTop":null,"borderRight":null,"borderBottom":null}},"4":{"style":{"borderLeft":null,"borderTop":null,"borderRight":null,"borderBottom":null}}},"37":{"0":{"style":{"borderLeft":null,"borderTop":null,"borderRight":null,"borderBottom":null}},"1":{"style":{"borderLeft":null,"borderTop":null,"borderRight":null,"borderBottom":null}},"2":{"style":{"borderLeft":null,"borderTop":null,"borderRight":null,"borderBottom":null}},"3":{"style":{"borderLeft":null,"borderTop":null,"borderRight":null,"borderBottom":null}},"4":{"style":{"borderLeft":null,"borderTop":null,"borderRight":null,"borderBottom":null}}},"38":{"0":{"style":{"borderLeft":null,"borderTop":null,"borderRight":null,"borderBottom":null}},"1":{"style":{"borderLeft":null,"borderTop":null,"borderRight":null,"borderBottom":null}},"2":{"style":{"borderLeft":null,"borderTop":null,"borderRight":null,"borderBottom":null}},"3":{"style":{"borderLeft":null,"borderTop":null,"borderRight":null,"borderBottom":null}},"4":{"style":{"borderLeft":null,"borderTop":null,"borderRight":null,"borderBottom":null}}},"39":{"0":{"style":{"borderLeft":null,"borderTop":null,"borderRight":null,"borderBottom":null}},"1":{"style":{"borderLeft":null,"borderTop":null,"borderRight":null,"borderBottom":null}},"2":{"style":{"borderLeft":null,"borderTop":null,"borderRight":null,"borderBottom":null}},"3":{"style":{"borderLeft":null,"borderTop":null,"borderRight":null,"borderBottom":null}},"4":{"style":{"borderLeft":null,"borderTop":null,"borderRight":null,"borderBottom":null}}},"40":{"0":{"style":{"borderLeft":null,"borderTop":null,"borderRight":null,"borderBottom":null}},"1":{"style":{"borderLeft":null,"borderTop":null,"borderRight":null,"borderBottom":null}},"2":{"style":{"borderLeft":null,"borderTop":null,"borderRight":null,"borderBottom":null}},"3":{"style":{"borderLeft":null,"borderTop":null,"borderRight":null,"borderBottom":null}},"4":{"style":{"borderLeft":null,"borderTop":null,"borderRight":null,"borderBottom":null}}},"41":{"0":{"style":{"borderLeft":null,"borderTop":null,"borderRight":null,"borderBottom":null}},"1":{"style":{"borderLeft":null,"borderTop":null,"borderRight":null,"borderBottom":null}},"2":{"style":{"borderLeft":null,"borderTop":null,"borderRight":null,"borderBottom":null}},"3":{"style":{"borderLeft":null,"borderTop":null,"borderRight":null,"borderBottom":null}},"4":{"style":{"borderLeft":null,"borderTop":null,"borderRight":null,"borderBottom":null}}},"42":{"0":{"style":{"borderLeft":null,"borderTop":null,"borderRight":null,"borderBottom":null}},"1":{"style":{"borderLeft":null,"borderTop":null,"borderRight":null,"borderBottom":null}},"2":{"style":{"borderLeft":null,"borderTop":null,"borderRight":null,"borderBottom":null}},"3":{"style":{"borderLeft":null,"borderTop":null,"borderRight":null,"borderBottom":null}},"4":{"style":{"borderLeft":null,"borderTop":null,"borderRight":null,"borderBottom":null}}},"43":{"0":{"style":{"borderLeft":null,"borderTop":null,"borderRight":null,"borderBottom":null}},"1":{"style":{"borderLeft":null,"borderTop":null,"borderRight":null,"borderBottom":null}},"2":{"style":{"borderLeft":null,"borderTop":null,"borderRight":null,"borderBottom":null}},"3":{"style":{"borderLeft":null,"borderTop":null,"borderRight":null,"borderBottom":null}},"4":{"style":{"borderLeft":null,"borderTop":null,"borderRight":null,"borderBottom":null}}},"44":{"0":{"style":{"borderLeft":null,"borderTop":null,"borderRight":null,"borderBottom":null}},"1":{"style":{"borderLeft":null,"borderTop":null,"borderRight":null,"borderBottom":null}},"2":{"style":{"borderLeft":null,"borderTop":null,"borderRight":null,"borderBottom":null}},"3":{"style":{"borderLeft":null,"borderTop":null,"borderRight":null,"borderBottom":null}},"4":{"style":{"borderLeft":null,"borderTop":null,"borderRight":null,"borderBottom":null}}},"45":{"0":{"style":{"borderLeft":null,"borderTop":null,"borderRight":null,"borderBottom":null}},"1":{"style":{"borderLeft":null,"borderTop":null,"borderRight":null,"borderBottom":null}},"2":{"style":{"borderLeft":null,"borderTop":null,"borderRight":null,"borderBottom":null}},"3":{"style":{"borderLeft":null,"borderTop":null,"borderRight":null,"borderBottom":null}},"4":{"style":{"borderLeft":null,"borderTop":null,"borderRight":null,"borderBottom":null}}},"46":{"0":{"style":{"borderLeft":null,"borderTop":null,"borderRight":null,"borderBottom":null}},"1":{"style":{"borderLeft":null,"borderTop":null,"borderRight":null,"borderBottom":null}},"2":{"style":{"borderLeft":null,"borderTop":null,"borderRight":null,"borderBottom":null}},"3":{"style":{"borderLeft":null,"borderTop":null,"borderRight":null,"borderBottom":null}},"4":{"style":{"borderLeft":null,"borderTop":null,"borderRight":null,"borderBottom":null}}},"47":{"0":{"style":{"borderLeft":null,"borderTop":null,"borderRight":null,"borderBottom":null}},"1":{"style":{"borderLeft":null,"borderTop":null,"borderRight":null,"borderBottom":null}},"2":{"style":{"borderLeft":null,"borderTop":null,"borderRight":null,"borderBottom":null}},"3":{"style":{"borderLeft":null,"borderTop":null,"borderRight":null,"borderBottom":null}},"4":{"style":{"borderLeft":null,"borderTop":null,"borderRight":null,"borderBottom":null}}},"48":{"0":{"style":{"borderLeft":null,"borderTop":null,"borderRight":null,"borderBottom":null}},"1":{"style":{"borderLeft":null,"borderTop":null,"borderRight":null,"borderBottom":null}},"2":{"style":{"borderLeft":null,"borderTop":null,"borderRight":null,"borderBottom":null}},"3":{"style":{"borderLeft":null,"borderTop":null,"borderRight":null,"borderBottom":null}},"4":{"style":{"borderLeft":null,"borderTop":null,"borderRight":null,"borderBottom":null}}},"49":{"0":{"style":{"borderLeft":null,"borderTop":null,"borderRight":null,"borderBottom":null}},"1":{"style":{"borderLeft":null,"borderTop":null,"borderRight":null,"borderBottom":null}},"2":{"style":{"borderLeft":null,"borderTop":null,"borderRight":null,"borderBottom":null}},"3":{"style":{"borderLeft":null,"borderTop":null,"borderRight":null,"borderBottom":null}},"4":{"style":{"borderLeft":null,"borderTop":null,"borderRight":null,"borderBottom":null}}},"50":{"0":{"style":{"borderLeft":null,"borderTop":null,"borderRight":null,"borderBottom":null}},"1":{"style":{"borderLeft":null,"borderTop":null,"borderRight":null,"borderBottom":null}},"2":{"style":{"borderLeft":null,"borderTop":null,"borderRight":null,"borderBottom":null}},"3":{"style":{"borderLeft":null,"borderTop":null,"borderRight":null,"borderBottom":null}},"4":{"style":{"borderLeft":null,"borderTop":null,"borderRight":null,"borderBottom":null}}},"51":{"0":{"style":{"borderLeft":null,"borderTop":null,"borderRight":null,"borderBottom":null}},"1":{"style":{"borderLeft":null,"borderTop":null,"borderRight":null,"borderBottom":null}},"2":{"style":{"borderLeft":null,"borderTop":null,"borderRight":null,"borderBottom":null}},"3":{"style":{"borderLeft":null,"borderTop":null,"borderRight":null,"borderBottom":null}},"4":{"style":{"borderLeft":null,"borderTop":null,"borderRight":null,"borderBottom":null}}},"52":{"0":{"style":{"borderLeft":null,"borderTop":null,"borderRight":null,"borderBottom":null}},"1":{"style":{"borderLeft":null,"borderTop":null,"borderRight":null,"borderBottom":null}},"2":{"style":{"borderLeft":null,"borderTop":null,"borderRight":null,"borderBottom":null}},"3":{"style":{"borderLeft":null,"borderTop":null,"borderRight":null,"borderBottom":null}},"4":{"style":{"borderLeft":null,"borderTop":null,"borderRight":null,"borderBottom":null}}},"53":{"0":{"style":{"borderLeft":null,"borderTop":null,"borderRight":null,"borderBottom":null}},"1":{"style":{"borderLeft":null,"borderTop":null,"borderRight":null,"borderBottom":null}},"2":{"style":{"borderLeft":null,"borderTop":null,"borderRight":null,"borderBottom":null}},"3":{"style":{"borderLeft":null,"borderTop":null,"borderRight":null,"borderBottom":null}},"4":{"style":{"borderLeft":null,"borderTop":null,"borderRight":null,"borderBottom":null}}},"54":{"0":{"style":{"borderLeft":null,"borderTop":null,"borderRight":null,"borderBottom":null}},"1":{"style":{"borderLeft":null,"borderTop":null,"borderRight":null,"borderBottom":null}},"2":{"style":{"borderLeft":null,"borderTop":null,"borderRight":null,"borderBottom":null}},"3":{"style":{"borderLeft":null,"borderTop":null,"borderRight":null,"borderBottom":null}},"4":{"style":{"borderLeft":null,"borderTop":null,"borderRight":null,"borderBottom":null}}},"55":{"0":{"style":{"borderLeft":null,"borderTop":null,"borderRight":null,"borderBottom":null}},"1":{"style":{"borderLeft":null,"borderTop":null,"borderRight":null,"borderBottom":null}},"2":{"style":{"borderLeft":null,"borderTop":null,"borderRight":null,"borderBottom":null}},"3":{"style":{"borderLeft":null,"borderTop":null,"borderRight":null,"borderBottom":null}},"4":{"style":{"borderLeft":null,"borderTop":null,"borderRight":null,"borderBottom":null}}},"56":{"0":{"style":{"borderLeft":null,"borderTop":null,"borderRight":null,"borderBottom":null}},"1":{"style":{"borderLeft":null,"borderTop":null,"borderRight":null,"borderBottom":null}},"2":{"style":{"borderLeft":null,"borderTop":null,"borderRight":null,"borderBottom":null}},"3":{"style":{"borderLeft":null,"borderTop":null,"borderRight":null,"borderBottom":null}},"4":{"style":{"borderLeft":null,"borderTop":null,"borderRight":null,"borderBottom":null}}},"57":{"0":{"style":{"borderLeft":null,"borderTop":null,"borderRight":null,"borderBottom":null}},"1":{"style":{"borderLeft":null,"borderTop":null,"borderRight":null,"borderBottom":null}},"2":{"style":{"borderLeft":null,"borderTop":null,"borderRight":null,"borderBottom":null}},"3":{"style":{"borderLeft":null,"borderTop":null,"borderRight":null,"borderBottom":null}},"4":{"style":{"borderLeft":null,"borderTop":null,"borderRight":null,"borderBottom":null}}},"58":{"0":{"style":{"borderLeft":null,"borderTop":null,"borderRight":null,"borderBottom":null}},"1":{"style":{"borderLeft":null,"borderTop":null,"borderRight":null,"borderBottom":null}},"2":{"style":{"borderLeft":null,"borderTop":null,"borderRight":null,"borderBottom":null}},"3":{"style":{"borderLeft":null,"borderTop":null,"borderRight":null,"borderBottom":null}},"4":{"style":{"borderLeft":null,"borderTop":null,"borderRight":null,"borderBottom":null}}},"59":{"0":{"style":{"borderLeft":null,"borderTop":null,"borderRight":null,"borderBottom":null}},"1":{"style":{"borderLeft":null,"borderTop":null,"borderRight":null,"borderBottom":null}},"2":{"style":{"borderLeft":null,"borderTop":null,"borderRight":null,"borderBottom":null}},"3":{"style":{"borderLeft":null,"borderTop":null,"borderRight":null,"borderBottom":null}},"4":{"style":{"borderLeft":null,"borderTop":null,"borderRight":null,"borderBottom":null}}},"60":{"0":{"style":{"borderLeft":null,"borderTop":null,"borderRight":null,"borderBottom":null}},"1":{"style":{"borderLeft":null,"borderTop":null,"borderRight":null,"borderBottom":null}},"2":{"style":{"borderLeft":null,"borderTop":null,"borderRight":null,"borderBottom":null}},"3":{"style":{"borderLeft":null,"borderTop":null,"borderRight":null,"borderBottom":null}},"4":{"style":{"borderLeft":null,"borderTop":null,"borderRight":null,"borderBottom":null}}},"61":{"0":{"style":{"borderLeft":null,"borderTop":null,"borderRight":null,"borderBottom":null}},"1":{"style":{"borderLeft":null,"borderTop":null,"borderRight":null,"borderBottom":null}},"2":{"style":{"borderLeft":null,"borderTop":null,"borderRight":null,"borderBottom":null}},"3":{"style":{"borderLeft":null,"borderTop":null,"borderRight":null,"borderBottom":null}},"4":{"style":{"borderLeft":null,"borderTop":null,"borderRight":null,"borderBottom":null}}},"62":{"0":{"style":{"borderLeft":null,"borderTop":null,"borderRight":null,"borderBottom":null}},"1":{"style":{"borderLeft":null,"borderTop":null,"borderRight":null,"borderBottom":null}},"2":{"style":{"borderLeft":null,"borderTop":null,"borderRight":null,"borderBottom":null}},"3":{"style":{"borderLeft":null,"borderTop":null,"borderRight":null,"borderBottom":null}},"4":{"style":{"borderLeft":null,"borderTop":null,"borderRight":null,"borderBottom":null}}},"63":{"0":{"style":{"borderLeft":null,"borderTop":null,"borderRight":null,"borderBottom":null}},"1":{"style":{"borderLeft":null,"borderTop":null,"borderRight":null,"borderBottom":null}},"2":{"style":{"borderLeft":null,"borderTop":null,"borderRight":null,"borderBottom":null}},"3":{"style":{"borderLeft":null,"borderTop":null,"borderRight":null,"borderBottom":null}},"4":{"style":{"borderLeft":null,"borderTop":null,"borderRight":null,"borderBottom":null}}},"64":{"0":{"style":{"borderLeft":null,"borderTop":null,"borderRight":null,"borderBottom":null}},"1":{"style":{"borderLeft":null,"borderTop":null,"borderRight":null,"borderBottom":null}},"2":{"style":{"borderLeft":null,"borderTop":null,"borderRight":null,"borderBottom":null}},"3":{"style":{"borderLeft":null,"borderTop":null,"borderRight":null,"borderBottom":null}},"4":{"style":{"borderLeft":null,"borderTop":null,"borderRight":null,"borderBottom":null}}},"65":{"0":{"style":{"borderLeft":null,"borderTop":null,"borderRight":null,"borderBottom":null}},"1":{"style":{"borderLeft":null,"borderTop":null,"borderRight":null,"borderBottom":null}},"2":{"style":{"borderLeft":null,"borderTop":null,"borderRight":null,"borderBottom":null}},"3":{"style":{"borderLeft":null,"borderTop":null,"borderRight":null,"borderBottom":null}},"4":{"style":{"borderLeft":null,"borderTop":null,"borderRight":null,"borderBottom":null}}},"66":{"0":{"style":{"borderLeft":null,"borderTop":null,"borderRight":null,"borderBottom":null}},"1":{"style":{"borderLeft":null,"borderTop":null,"borderRight":null,"borderBottom":null}},"2":{"style":{"borderLeft":null,"borderTop":null,"borderRight":null,"borderBottom":null}},"3":{"style":{"borderLeft":null,"borderTop":null,"borderRight":null,"borderBottom":null}},"4":{"style":{"borderLeft":null,"borderTop":null,"borderRight":null,"borderBottom":null}}},"67":{"0":{"style":{"borderLeft":null,"borderTop":null,"borderRight":null,"borderBottom":null}},"1":{"style":{"borderLeft":null,"borderTop":null,"borderRight":null,"borderBottom":null}},"2":{"style":{"borderLeft":null,"borderTop":null,"borderRight":null,"borderBottom":null}},"3":{"style":{"borderLeft":null,"borderTop":null,"borderRight":null,"borderBottom":null}},"4":{"style":{"borderLeft":null,"borderTop":null,"borderRight":null,"borderBottom":null}}},"68":{"0":{"style":{"borderLeft":null,"borderTop":null,"borderRight":null,"borderBottom":null}},"1":{"style":{"borderLeft":null,"borderTop":null,"borderRight":null,"borderBottom":null}},"2":{"style":{"borderLeft":null,"borderTop":null,"borderRight":null,"borderBottom":null}},"3":{"style":{"borderLeft":null,"borderTop":null,"borderRight":null,"borderBottom":null}},"4":{"style":{"borderLeft":null,"borderTop":null,"borderRight":null,"borderBottom":null}}},"69":{"0":{"style":{"borderLeft":null,"borderTop":null,"borderRight":null,"borderBottom":null}},"1":{"style":{"borderLeft":null,"borderTop":null,"borderRight":null,"borderBottom":null}},"2":{"style":{"borderLeft":null,"borderTop":null,"borderRight":null,"borderBottom":null}},"3":{"style":{"borderLeft":null,"borderTop":null,"borderRight":null,"borderBottom":null}},"4":{"style":{"borderLeft":null,"borderTop":null,"borderRight":null,"borderBottom":null}}},"70":{"0":{"style":{"borderLeft":null,"borderTop":null,"borderRight":null,"borderBottom":null}},"1":{"style":{"borderLeft":null,"borderTop":null,"borderRight":null,"borderBottom":null}},"2":{"style":{"borderLeft":null,"borderTop":null,"borderRight":null,"borderBottom":null}},"3":{"style":{"borderLeft":null,"borderTop":null,"borderRight":null,"borderBottom":null}},"4":{"style":{"borderLeft":null,"borderTop":null,"borderRight":null,"borderBottom":null}}},"71":{"0":{"style":{"borderLeft":null,"borderTop":null,"borderRight":null,"borderBottom":null}},"1":{"style":{"borderLeft":null,"borderTop":null,"borderRight":null,"borderBottom":null}},"2":{"style":{"borderLeft":null,"borderTop":null,"borderRight":null,"borderBottom":null}},"3":{"style":{"borderLeft":null,"borderTop":null,"borderRight":null,"borderBottom":null}},"4":{"style":{"borderLeft":null,"borderTop":null,"borderRight":null,"borderBottom":null}}},"72":{"0":{"style":{"borderLeft":null,"borderTop":null,"borderRight":null,"borderBottom":null}},"1":{"style":{"borderLeft":null,"borderTop":null,"borderRight":null,"borderBottom":null}},"2":{"style":{"borderLeft":null,"borderTop":null,"borderRight":null,"borderBottom":null}},"3":{"style":{"borderLeft":null,"borderTop":null,"borderRight":null,"borderBottom":null}},"4":{"style":{"borderLeft":null,"borderTop":null,"borderRight":null,"borderBottom":null}}},"73":{"0":{"style":{"borderLeft":null,"borderTop":null,"borderRight":null,"borderBottom":null}},"1":{"style":{"borderLeft":null,"borderTop":null,"borderRight":null,"borderBottom":null}},"2":{"style":{"borderLeft":null,"borderTop":null,"borderRight":null,"borderBottom":null}},"3":{"style":{"borderLeft":null,"borderTop":null,"borderRight":null,"borderBottom":null}},"4":{"style":{"borderLeft":null,"borderTop":null,"borderRight":null,"borderBottom":null}}},"74":{"0":{"style":{"borderLeft":null,"borderTop":null,"borderRight":null,"borderBottom":null}},"1":{"style":{"borderLeft":null,"borderTop":null,"borderRight":null,"borderBottom":null}},"2":{"style":{"borderLeft":null,"borderTop":null,"borderRight":null,"borderBottom":null}},"3":{"style":{"borderLeft":null,"borderTop":null,"borderRight":null,"borderBottom":null}},"4":{"style":{"borderLeft":null,"borderTop":null,"borderRight":null,"borderBottom":null}}},"75":{"0":{"style":{"borderLeft":null,"borderTop":null,"borderRight":null,"borderBottom":null}},"1":{"style":{"borderLeft":null,"borderTop":null,"borderRight":null,"borderBottom":null}},"2":{"style":{"borderLeft":null,"borderTop":null,"borderRight":null,"borderBottom":null}},"3":{"style":{"borderLeft":null,"borderTop":null,"borderRight":null,"borderBottom":null}},"4":{"style":{"borderLeft":null,"borderTop":null,"borderRight":null,"borderBottom":null}}},"76":{"0":{"style":{"borderLeft":null,"borderTop":null,"borderRight":null,"borderBottom":null}},"1":{"style":{"borderLeft":null,"borderTop":null,"borderRight":null,"borderBottom":null}},"2":{"style":{"borderLeft":null,"borderTop":null,"borderRight":null,"borderBottom":null}},"3":{"style":{"borderLeft":null,"borderTop":null,"borderRight":null,"borderBottom":null}},"4":{"style":{"borderLeft":null,"borderTop":null,"borderRight":null,"borderBottom":null}}},"77":{"0":{"style":{"borderLeft":null,"borderTop":null,"borderRight":null,"borderBottom":null}},"1":{"style":{"borderLeft":null,"borderTop":null,"borderRight":null,"borderBottom":null}},"2":{"style":{"borderLeft":null,"borderTop":null,"borderRight":null,"borderBottom":null}},"3":{"style":{"borderLeft":null,"borderTop":null,"borderRight":null,"borderBottom":null}},"4":{"style":{"borderLeft":null,"borderTop":null,"borderRight":null,"borderBottom":null}}},"78":{"0":{"style":{"borderLeft":null,"borderTop":null,"borderRight":null,"borderBottom":null}},"1":{"style":{"borderLeft":null,"borderTop":null,"borderRight":null,"borderBottom":null}},"2":{"style":{"borderLeft":null,"borderTop":null,"borderRight":null,"borderBottom":null}},"3":{"style":{"borderLeft":null,"borderTop":null,"borderRight":null,"borderBottom":null}},"4":{"style":{"borderLeft":null,"borderTop":null,"borderRight":null,"borderBottom":null}}},"79":{"0":{"style":{"borderLeft":null,"borderTop":null,"borderRight":null,"borderBottom":null}},"1":{"style":{"borderLeft":null,"borderTop":null,"borderRight":null,"borderBottom":null}},"2":{"style":{"borderLeft":null,"borderTop":null,"borderRight":null,"borderBottom":null}},"3":{"style":{"borderLeft":null,"borderTop":null,"borderRight":null,"borderBottom":null}},"4":{"style":{"borderLeft":null,"borderTop":null,"borderRight":null,"borderBottom":null}}},"80":{"0":{"style":{"borderLeft":null,"borderTop":null,"borderRight":null,"borderBottom":null}},"1":{"style":{"borderLeft":null,"borderTop":null,"borderRight":null,"borderBottom":null}},"2":{"style":{"borderLeft":null,"borderTop":null,"borderRight":null,"borderBottom":null}},"3":{"style":{"borderLeft":null,"borderTop":null,"borderRight":null,"borderBottom":null}},"4":{"style":{"borderLeft":null,"borderTop":null,"borderRight":null,"borderBottom":null}}},"81":{"0":{"style":{"borderLeft":null,"borderTop":null,"borderRight":null,"borderBottom":null}},"1":{"style":{"borderLeft":null,"borderTop":null,"borderRight":null,"borderBottom":null}},"2":{"style":{"borderLeft":null,"borderTop":null,"borderRight":null,"borderBottom":null}},"3":{"style":{"borderLeft":null,"borderTop":null,"borderRight":null,"borderBottom":null}},"4":{"style":{"borderLeft":null,"borderTop":null,"borderRight":null,"borderBottom":null}}},"82":{"0":{"style":{"borderLeft":null,"borderTop":null,"borderRight":null,"borderBottom":null}},"1":{"style":{"borderLeft":null,"borderTop":null,"borderRight":null,"borderBottom":null}},"2":{"style":{"borderLeft":null,"borderTop":null,"borderRight":null,"borderBottom":null}},"3":{"style":{"borderLeft":null,"borderTop":null,"borderRight":null,"borderBottom":null}},"4":{"style":{"borderLeft":null,"borderTop":null,"borderRight":null,"borderBottom":null}}},"83":{"0":{"style":{"borderLeft":null,"borderTop":null,"borderRight":null,"borderBottom":null}},"1":{"style":{"borderLeft":null,"borderTop":null,"borderRight":null,"borderBottom":null}},"2":{"style":{"borderLeft":null,"borderTop":null,"borderRight":null,"borderBottom":null}},"3":{"style":{"borderLeft":null,"borderTop":null,"borderRight":null,"borderBottom":null}},"4":{"style":{"borderLeft":null,"borderTop":null,"borderRight":null,"borderBottom":null}}},"84":{"0":{"style":{"borderLeft":null,"borderTop":null,"borderRight":null,"borderBottom":null}},"1":{"style":{"borderLeft":null,"borderTop":null,"borderRight":null,"borderBottom":null}},"2":{"style":{"borderLeft":null,"borderTop":null,"borderRight":null,"borderBottom":null}},"3":{"style":{"borderLeft":null,"borderTop":null,"borderRight":null,"borderBottom":null}},"4":{"style":{"borderLeft":null,"borderTop":null,"borderRight":null,"borderBottom":null}}},"85":{"0":{"style":{"borderLeft":null,"borderTop":null,"borderRight":null,"borderBottom":null}},"1":{"style":{"borderLeft":null,"borderTop":null,"borderRight":null,"borderBottom":null}},"2":{"style":{"borderLeft":null,"borderTop":null,"borderRight":null,"borderBottom":null}},"3":{"style":{"borderLeft":null,"borderTop":null,"borderRight":null,"borderBottom":null}},"4":{"style":{"borderLeft":null,"borderTop":null,"borderRight":null,"borderBottom":null}}},"86":{"0":{"style":{"borderLeft":null,"borderTop":null,"borderRight":null,"borderBottom":null}},"1":{"style":{"borderLeft":null,"borderTop":null,"borderRight":null,"borderBottom":null}},"2":{"style":{"borderLeft":null,"borderTop":null,"borderRight":null,"borderBottom":null}},"3":{"style":{"borderLeft":null,"borderTop":null,"borderRight":null,"borderBottom":null}},"4":{"style":{"borderLeft":null,"borderTop":null,"borderRight":null,"borderBottom":null}}},"87":{"0":{"style":{"borderLeft":null,"borderTop":null,"borderRight":null,"borderBottom":null}},"1":{"style":{"borderLeft":null,"borderTop":null,"borderRight":null,"borderBottom":null}},"2":{"style":{"borderLeft":null,"borderTop":null,"borderRight":null,"borderBottom":null}},"3":{"style":{"borderLeft":null,"borderTop":null,"borderRight":null,"borderBottom":null}},"4":{"style":{"borderLeft":null,"borderTop":null,"borderRight":null,"borderBottom":null}}},"88":{"0":{"style":{"borderLeft":null,"borderTop":null,"borderRight":null,"borderBottom":null}},"1":{"style":{"borderLeft":null,"borderTop":null,"borderRight":null,"borderBottom":null}},"2":{"style":{"borderLeft":null,"borderTop":null,"borderRight":null,"borderBottom":null}},"3":{"style":{"borderLeft":null,"borderTop":null,"borderRight":null,"borderBottom":null}},"4":{"style":{"borderLeft":null,"borderTop":null,"borderRight":null,"borderBottom":null}}},"89":{"0":{"style":{"borderLeft":null,"borderTop":null,"borderRight":null,"borderBottom":null}},"1":{"style":{"borderLeft":null,"borderTop":null,"borderRight":null,"borderBottom":null}},"2":{"style":{"borderLeft":null,"borderTop":null,"borderRight":null,"borderBottom":null}},"3":{"style":{"borderLeft":null,"borderTop":null,"borderRight":null,"borderBottom":null}},"4":{"style":{"borderLeft":null,"borderTop":null,"borderRight":null,"borderBottom":null}}},"90":{"0":{"style":{"borderLeft":null,"borderTop":null,"borderRight":null,"borderBottom":null}},"1":{"style":{"borderLeft":null,"borderTop":null,"borderRight":null,"borderBottom":null}},"2":{"style":{"borderLeft":null,"borderTop":null,"borderRight":null,"borderBottom":null}},"3":{"style":{"borderLeft":null,"borderTop":null,"borderRight":null,"borderBottom":null}},"4":{"style":{"borderLeft":null,"borderTop":null,"borderRight":null,"borderBottom":null}}},"91":{"0":{"style":{"borderLeft":null,"borderTop":null,"borderRight":null,"borderBottom":null}},"1":{"style":{"borderLeft":null,"borderTop":null,"borderRight":null,"borderBottom":null}},"2":{"style":{"borderLeft":null,"borderTop":null,"borderRight":null,"borderBottom":null}},"3":{"style":{"borderLeft":null,"borderTop":null,"borderRight":null,"borderBottom":null}},"4":{"style":{"borderLeft":null,"borderTop":null,"borderRight":null,"borderBottom":null}}},"92":{"0":{"style":{"borderLeft":null,"borderTop":null,"borderRight":null,"borderBottom":null}},"1":{"style":{"borderLeft":null,"borderTop":null,"borderRight":null,"borderBottom":null}},"2":{"style":{"borderLeft":null,"borderTop":null,"borderRight":null,"borderBottom":null}},"3":{"style":{"borderLeft":null,"borderTop":null,"borderRight":null,"borderBottom":null}},"4":{"style":{"borderLeft":null,"borderTop":null,"borderRight":null,"borderBottom":null}}},"93":{"0":{"style":{"borderLeft":null,"borderTop":null,"borderRight":null,"borderBottom":null}},"1":{"style":{"borderLeft":null,"borderTop":null,"borderRight":null,"borderBottom":null}},"2":{"style":{"borderLeft":null,"borderTop":null,"borderRight":null,"borderBottom":null}},"3":{"style":{"borderLeft":null,"borderTop":null,"borderRight":null,"borderBottom":null}},"4":{"style":{"borderLeft":null,"borderTop":null,"borderRight":null,"borderBottom":null}}},"94":{"0":{"style":{"borderLeft":null,"borderTop":null,"borderRight":null,"borderBottom":null}},"1":{"style":{"borderLeft":null,"borderTop":null,"borderRight":null,"borderBottom":null}},"2":{"style":{"borderLeft":null,"borderTop":null,"borderRight":null,"borderBottom":null}},"3":{"style":{"borderLeft":null,"borderTop":null,"borderRight":null,"borderBottom":null}},"4":{"style":{"borderLeft":null,"borderTop":null,"borderRight":null,"borderBottom":null}}},"95":{"0":{"style":{"borderLeft":null,"borderTop":null,"borderRight":null,"borderBottom":null}},"1":{"style":{"borderLeft":null,"borderTop":null,"borderRight":null,"borderBottom":null}},"2":{"style":{"borderLeft":null,"borderTop":null,"borderRight":null,"borderBottom":null}},"3":{"style":{"borderLeft":null,"borderTop":null,"borderRight":null,"borderBottom":null}},"4":{"style":{"borderLeft":null,"borderTop":null,"borderRight":null,"borderBottom":null}}},"96":{"0":{"style":{"borderLeft":null,"borderTop":null,"borderRight":null,"borderBottom":null}},"1":{"style":{"borderLeft":null,"borderTop":null,"borderRight":null,"borderBottom":null}},"2":{"style":{"borderLeft":null,"borderTop":null,"borderRight":null,"borderBottom":null}},"3":{"style":{"borderLeft":null,"borderTop":null,"borderRight":null,"borderBottom":null}},"4":{"style":{"borderLeft":null,"borderTop":null,"borderRight":null,"borderBottom":null}}},"97":{"0":{"style":{"borderLeft":null,"borderTop":null,"borderRight":null,"borderBottom":null}},"1":{"style":{"borderLeft":null,"borderTop":null,"borderRight":null,"borderBottom":null}},"2":{"style":{"borderLeft":null,"borderTop":null,"borderRight":null,"borderBottom":null}},"3":{"style":{"borderLeft":null,"borderTop":null,"borderRight":null,"borderBottom":null}},"4":{"style":{"borderLeft":null,"borderTop":null,"borderRight":null,"borderBottom":null}}},"98":{"0":{"style":{"borderLeft":null,"borderTop":null,"borderRight":null,"borderBottom":null}},"1":{"style":{"borderLeft":null,"borderTop":null,"borderRight":null,"borderBottom":null}},"2":{"style":{"borderLeft":null,"borderTop":null,"borderRight":null,"borderBottom":null}},"3":{"style":{"borderLeft":null,"borderTop":null,"borderRight":null,"borderBottom":null}},"4":{"style":{"borderLeft":null,"borderTop":null,"borderRight":null,"borderBottom":null}}},"99":{"0":{"style":{"borderLeft":null,"borderTop":null,"borderRight":null,"borderBottom":null}},"1":{"style":{"borderLeft":null,"borderTop":null,"borderRight":null,"borderBottom":null}},"2":{"style":{"borderLeft":null,"borderTop":null,"borderRight":null,"borderBottom":null}},"3":{"style":{"borderLeft":null,"borderTop":null,"borderRight":null,"borderBottom":null}},"4":{"style":{"borderLeft":null,"borderTop":null,"borderRight":null,"borderBottom":null}}},"100":{"0":{"style":{"borderLeft":null,"borderTop":null,"borderRight":null,"borderBottom":null}},"1":{"style":{"borderLeft":null,"borderTop":null,"borderRight":null,"borderBottom":null}},"2":{"style":{"borderLeft":null,"borderTop":null,"borderRight":null,"borderBottom":null}},"3":{"style":{"borderLeft":null,"borderTop":null,"borderRight":null,"borderBottom":null}},"4":{"style":{"borderLeft":null,"borderTop":null,"borderRight":null,"borderBottom":null}}},"101":{"0":{"style":{"borderLeft":null,"borderTop":null,"borderRight":null,"borderBottom":null}},"1":{"style":{"borderLeft":null,"borderTop":null,"borderRight":null,"borderBottom":null}},"2":{"style":{"borderLeft":null,"borderTop":null,"borderRight":null,"borderBottom":null}},"3":{"style":{"borderLeft":null,"borderTop":null,"borderRight":null,"borderBottom":null}},"4":{"style":{"borderLeft":null,"borderTop":null,"borderRight":null,"borderBottom":null}}},"102":{"0":{"style":{"borderLeft":null,"borderTop":null,"borderRight":null,"borderBottom":null}},"1":{"style":{"borderLeft":null,"borderTop":null,"borderRight":null,"borderBottom":null}},"2":{"style":{"borderLeft":null,"borderTop":null,"borderRight":null,"borderBottom":null}},"3":{"style":{"borderLeft":null,"borderTop":null,"borderRight":null,"borderBottom":null}},"4":{"style":{"borderLeft":null,"borderTop":null,"borderRight":null,"borderBottom":null}}},"103":{"0":{"style":{"borderLeft":null,"borderTop":null,"borderRight":null,"borderBottom":null}},"1":{"style":{"borderLeft":null,"borderTop":null,"borderRight":null,"borderBottom":null}},"2":{"style":{"borderLeft":null,"borderTop":null,"borderRight":null,"borderBottom":null}},"3":{"style":{"borderLeft":null,"borderTop":null,"borderRight":null,"borderBottom":null}},"4":{"style":{"borderLeft":null,"borderTop":null,"borderRight":null,"borderBottom":null}}},"104":{"0":{"style":{"borderLeft":null,"borderTop":null,"borderRight":null,"borderBottom":null}},"1":{"style":{"borderLeft":null,"borderTop":null,"borderRight":null,"borderBottom":null}},"2":{"style":{"borderLeft":null,"borderTop":null,"borderRight":null,"borderBottom":null}},"3":{"style":{"borderLeft":null,"borderTop":null,"borderRight":null,"borderBottom":null}},"4":{"style":{"borderLeft":null,"borderTop":null,"borderRight":null,"borderBottom":null}}},"105":{"0":{"style":{"borderLeft":null,"borderTop":null,"borderRight":null,"borderBottom":null}},"1":{"style":{"borderLeft":null,"borderTop":null,"borderRight":null,"borderBottom":null}},"2":{"style":{"borderLeft":null,"borderTop":null,"borderRight":null,"borderBottom":null}},"3":{"style":{"borderLeft":null,"borderTop":null,"borderRight":null,"borderBottom":null}},"4":{"style":{"borderLeft":null,"borderTop":null,"borderRight":null,"borderBottom":null}}},"106":{"0":{"style":{"borderLeft":null,"borderTop":null,"borderRight":null,"borderBottom":null}},"1":{"style":{"borderLeft":null,"borderTop":null,"borderRight":null,"borderBottom":null}},"2":{"style":{"borderLeft":null,"borderTop":null,"borderRight":null,"borderBottom":null}},"3":{"style":{"borderLeft":null,"borderTop":null,"borderRight":null,"borderBottom":null}},"4":{"style":{"borderLeft":null,"borderTop":null,"borderRight":null,"borderBottom":null}}},"107":{"0":{"style":{"borderLeft":null,"borderTop":null,"borderRight":null,"borderBottom":null}},"1":{"style":{"borderLeft":null,"borderTop":null,"borderRight":null,"borderBottom":null}},"2":{"style":{"borderLeft":null,"borderTop":null,"borderRight":null,"borderBottom":null}},"3":{"style":{"borderLeft":null,"borderTop":null,"borderRight":null,"borderBottom":null}},"4":{"style":{"borderLeft":null,"borderTop":null,"borderRight":null,"borderBottom":null}}},"108":{"0":{"style":{"borderLeft":null,"borderTop":null,"borderRight":null,"borderBottom":null}},"1":{"style":{"borderLeft":null,"borderTop":null,"borderRight":null,"borderBottom":null}},"2":{"style":{"borderLeft":null,"borderTop":null,"borderRight":null,"borderBottom":null}},"3":{"style":{"borderLeft":null,"borderTop":null,"borderRight":null,"borderBottom":null}},"4":{"style":{"borderLeft":null,"borderTop":null,"borderRight":null,"borderBottom":null}}},"109":{"0":{"style":{"borderLeft":null,"borderTop":null,"borderRight":null,"borderBottom":null}},"1":{"style":{"borderLeft":null,"borderTop":null,"borderRight":null,"borderBottom":null}},"2":{"style":{"borderLeft":null,"borderTop":null,"borderRight":null,"borderBottom":null}},"3":{"style":{"borderLeft":null,"borderTop":null,"borderRight":null,"borderBottom":null}},"4":{"style":{"borderLeft":null,"borderTop":null,"borderRight":null,"borderBottom":null}}},"110":{"0":{"style":{"borderLeft":null,"borderTop":null,"borderRight":null,"borderBottom":null}},"1":{"style":{"borderLeft":null,"borderTop":null,"borderRight":null,"borderBottom":null}},"2":{"style":{"borderLeft":null,"borderTop":null,"borderRight":null,"borderBottom":null}},"3":{"style":{"borderLeft":null,"borderTop":null,"borderRight":null,"borderBottom":null}},"4":{"style":{"borderLeft":null,"borderTop":null,"borderRight":null,"borderBottom":null}}},"111":{"0":{"style":{"borderLeft":null,"borderTop":null,"borderRight":null,"borderBottom":null}},"1":{"style":{"borderLeft":null,"borderTop":null,"borderRight":null,"borderBottom":null}},"2":{"style":{"borderLeft":null,"borderTop":null,"borderRight":null,"borderBottom":null}},"3":{"style":{"borderLeft":null,"borderTop":null,"borderRight":null,"borderBottom":null}},"4":{"style":{"borderLeft":null,"borderTop":null,"borderRight":null,"borderBottom":null}}},"112":{"0":{"style":{"borderLeft":null,"borderTop":null,"borderRight":null,"borderBottom":null}},"1":{"style":{"borderLeft":null,"borderTop":null,"borderRight":null,"borderBottom":null}},"2":{"style":{"borderLeft":null,"borderTop":null,"borderRight":null,"borderBottom":null}},"3":{"style":{"borderLeft":null,"borderTop":null,"borderRight":null,"borderBottom":null}},"4":{"style":{"borderLeft":null,"borderTop":null,"borderRight":null,"borderBottom":null}}},"113":{"0":{"style":{"borderLeft":null,"borderTop":null,"borderRight":null,"borderBottom":null}},"1":{"style":{"borderLeft":null,"borderTop":null,"borderRight":null,"borderBottom":null}},"2":{"style":{"borderLeft":null,"borderTop":null,"borderRight":null,"borderBottom":null}},"3":{"style":{"borderLeft":null,"borderTop":null,"borderRight":null,"borderBottom":null}},"4":{"style":{"borderLeft":null,"borderTop":null,"borderRight":null,"borderBottom":null}}},"114":{"0":{"style":{"borderLeft":null,"borderTop":null,"borderRight":null,"borderBottom":null}},"1":{"style":{"borderLeft":null,"borderTop":null,"borderRight":null,"borderBottom":null}},"2":{"style":{"borderLeft":null,"borderTop":null,"borderRight":null,"borderBottom":null}},"3":{"style":{"borderLeft":null,"borderTop":null,"borderRight":null,"borderBottom":null}},"4":{"style":{"borderLeft":null,"borderTop":null,"borderRight":null,"borderBottom":null}}},"115":{"0":{"style":{"borderLeft":null,"borderTop":null,"borderRight":null,"borderBottom":null}},"1":{"style":{"borderLeft":null,"borderTop":null,"borderRight":null,"borderBottom":null}},"2":{"style":{"borderLeft":null,"borderTop":null,"borderRight":null,"borderBottom":null}},"3":{"style":{"borderLeft":null,"borderTop":null,"borderRight":null,"borderBottom":null}},"4":{"style":{"borderLeft":null,"borderTop":null,"borderRight":null,"borderBottom":null}}},"116":{"0":{"style":{"borderLeft":null,"borderTop":null,"borderRight":null,"borderBottom":null}},"1":{"style":{"borderLeft":null,"borderTop":null,"borderRight":null,"borderBottom":null}},"2":{"style":{"borderLeft":null,"borderTop":null,"borderRight":null,"borderBottom":null}},"3":{"style":{"borderLeft":null,"borderTop":null,"borderRight":null,"borderBottom":null}},"4":{"style":{"borderLeft":null,"borderTop":null,"borderRight":null,"borderBottom":null}}},"117":{"0":{"style":{"borderLeft":null,"borderTop":null,"borderRight":null,"borderBottom":null}},"1":{"style":{"borderLeft":null,"borderTop":null,"borderRight":null,"borderBottom":null}},"2":{"style":{"borderLeft":null,"borderTop":null,"borderRight":null,"borderBottom":null}},"3":{"style":{"borderLeft":null,"borderTop":null,"borderRight":null,"borderBottom":null}},"4":{"style":{"borderLeft":null,"borderTop":null,"borderRight":null,"borderBottom":null}}},"118":{"0":{"style":{"borderLeft":null,"borderTop":null,"borderRight":null,"borderBottom":null}},"1":{"style":{"borderLeft":null,"borderTop":null,"borderRight":null,"borderBottom":null}},"2":{"style":{"borderLeft":null,"borderTop":null,"borderRight":null,"borderBottom":null}},"3":{"style":{"borderLeft":null,"borderTop":null,"borderRight":null,"borderBottom":null}},"4":{"style":{"borderLeft":null,"borderTop":null,"borderRight":null,"borderBottom":null}}},"119":{"0":{"style":{"borderLeft":null,"borderTop":null,"borderRight":null,"borderBottom":null}},"1":{"style":{"borderLeft":null,"borderTop":null,"borderRight":null,"borderBottom":null}},"2":{"style":{"borderLeft":null,"borderTop":null,"borderRight":null,"borderBottom":null}},"3":{"style":{"borderLeft":null,"borderTop":null,"borderRight":null,"borderBottom":null}},"4":{"style":{"borderLeft":null,"borderTop":null,"borderRight":null,"borderBottom":null}}},"120":{"0":{"style":{"borderLeft":null,"borderTop":null,"borderRight":null,"borderBottom":null}},"1":{"style":{"borderLeft":null,"borderTop":null,"borderRight":null,"borderBottom":null}},"2":{"style":{"borderLeft":null,"borderTop":null,"borderRight":null,"borderBottom":null}},"3":{"style":{"borderLeft":null,"borderTop":null,"borderRight":null,"borderBottom":null}},"4":{"style":{"borderLeft":null,"borderTop":null,"borderRight":null,"borderBottom":null}}},"121":{"0":{"style":{"borderLeft":null,"borderTop":null,"borderRight":null,"borderBottom":null}},"1":{"style":{"borderLeft":null,"borderTop":null,"borderRight":null,"borderBottom":null}},"2":{"style":{"borderLeft":null,"borderTop":null,"borderRight":null,"borderBottom":null}},"3":{"style":{"borderLeft":null,"borderTop":null,"borderRight":null,"borderBottom":null}},"4":{"style":{"borderLeft":null,"borderTop":null,"borderRight":null,"borderBottom":null}}},"122":{"0":{"style":{"borderLeft":null,"borderTop":null,"borderRight":null,"borderBottom":null}},"1":{"style":{"borderLeft":null,"borderTop":null,"borderRight":null,"borderBottom":null}},"2":{"style":{"borderLeft":null,"borderTop":null,"borderRight":null,"borderBottom":null}},"3":{"style":{"borderLeft":null,"borderTop":null,"borderRight":null,"borderBottom":null}},"4":{"style":{"borderLeft":null,"borderTop":null,"borderRight":null,"borderBottom":null}}},"123":{"0":{"style":{"borderLeft":null,"borderTop":null,"borderRight":null,"borderBottom":null}},"1":{"style":{"borderLeft":null,"borderTop":null,"borderRight":null,"borderBottom":null}},"2":{"style":{"borderLeft":null,"borderTop":null,"borderRight":null,"borderBottom":null}},"3":{"style":{"borderLeft":null,"borderTop":null,"borderRight":null,"borderBottom":null}},"4":{"style":{"borderLeft":null,"borderTop":null,"borderRight":null,"borderBottom":null}}},"124":{"0":{"style":{"borderLeft":null,"borderTop":null,"borderRight":null,"borderBottom":null}},"1":{"style":{"borderLeft":null,"borderTop":null,"borderRight":null,"borderBottom":null}},"2":{"style":{"borderLeft":null,"borderTop":null,"borderRight":null,"borderBottom":null}},"3":{"style":{"borderLeft":null,"borderTop":null,"borderRight":null,"borderBottom":null}},"4":{"style":{"borderLeft":null,"borderTop":null,"borderRight":null,"borderBottom":null}}},"125":{"0":{"style":{"borderLeft":null,"borderTop":null,"borderRight":null,"borderBottom":null}},"1":{"style":{"borderLeft":null,"borderTop":null,"borderRight":null,"borderBottom":null}},"2":{"style":{"borderLeft":null,"borderTop":null,"borderRight":null,"borderBottom":null}},"3":{"style":{"borderLeft":null,"borderTop":null,"borderRight":null,"borderBottom":null}},"4":{"style":{"borderLeft":null,"borderTop":null,"borderRight":null,"borderBottom":null}}},"126":{"0":{"style":{"borderLeft":null,"borderTop":null,"borderRight":null,"borderBottom":null}},"1":{"style":{"borderLeft":null,"borderTop":null,"borderRight":null,"borderBottom":null}},"2":{"style":{"borderLeft":null,"borderTop":null,"borderRight":null,"borderBottom":null}},"3":{"style":{"borderLeft":null,"borderTop":null,"borderRight":null,"borderBottom":null}},"4":{"style":{"borderLeft":null,"borderTop":null,"borderRight":null,"borderBottom":null}}},"127":{"0":{"style":{"borderLeft":null,"borderTop":null,"borderRight":null,"borderBottom":null}},"1":{"style":{"borderLeft":null,"borderTop":null,"borderRight":null,"borderBottom":null}},"2":{"style":{"borderLeft":null,"borderTop":null,"borderRight":null,"borderBottom":null}},"3":{"style":{"borderLeft":null,"borderTop":null,"borderRight":null,"borderBottom":null}},"4":{"style":{"borderLeft":null,"borderTop":null,"borderRight":null,"borderBottom":null}}},"128":{"0":{"style":{"borderLeft":null,"borderTop":null,"borderRight":null,"borderBottom":null}},"1":{"style":{"borderLeft":null,"borderTop":null,"borderRight":null,"borderBottom":null}},"2":{"style":{"borderLeft":null,"borderTop":null,"borderRight":null,"borderBottom":null}},"3":{"style":{"borderLeft":null,"borderTop":null,"borderRight":null,"borderBottom":null}},"4":{"style":{"borderLeft":null,"borderTop":null,"borderRight":null,"borderBottom":null}}},"129":{"0":{"style":{"borderLeft":null,"borderTop":null,"borderRight":null,"borderBottom":null}},"1":{"style":{"borderLeft":null,"borderTop":null,"borderRight":null,"borderBottom":null}},"2":{"style":{"borderLeft":null,"borderTop":null,"borderRight":null,"borderBottom":null}},"3":{"style":{"borderLeft":null,"borderTop":null,"borderRight":null,"borderBottom":null}},"4":{"style":{"borderLeft":null,"borderTop":null,"borderRight":null,"borderBottom":null}}},"130":{"0":{"style":{"borderLeft":null,"borderTop":null,"borderRight":null,"borderBottom":null}},"1":{"style":{"borderLeft":null,"borderTop":null,"borderRight":null,"borderBottom":null}},"2":{"style":{"borderLeft":null,"borderTop":null,"borderRight":null,"borderBottom":null}},"3":{"style":{"borderLeft":null,"borderTop":null,"borderRight":null,"borderBottom":null}},"4":{"style":{"borderLeft":null,"borderTop":null,"borderRight":null,"borderBottom":null}}},"131":{"0":{"style":{"borderLeft":null,"borderTop":null,"borderRight":null,"borderBottom":null}},"1":{"style":{"borderLeft":null,"borderTop":null,"borderRight":null,"borderBottom":null}},"2":{"style":{"borderLeft":null,"borderTop":null,"borderRight":null,"borderBottom":null}},"3":{"style":{"borderLeft":null,"borderTop":null,"borderRight":null,"borderBottom":null}},"4":{"style":{"borderLeft":null,"borderTop":null,"borderRight":null,"borderBottom":null}}},"132":{"0":{"style":{"borderLeft":null,"borderTop":null,"borderRight":null,"borderBottom":null}},"1":{"style":{"borderLeft":null,"borderTop":null,"borderRight":null,"borderBottom":null}},"2":{"style":{"borderLeft":null,"borderTop":null,"borderRight":null,"borderBottom":null}},"3":{"style":{"borderLeft":null,"borderTop":null,"borderRight":null,"borderBottom":null}},"4":{"style":{"borderLeft":null,"borderTop":null,"borderRight":null,"borderBottom":null}}},"133":{"0":{"style":{"borderLeft":null,"borderTop":null,"borderRight":null,"borderBottom":null}},"1":{"style":{"borderLeft":null,"borderTop":null,"borderRight":null,"borderBottom":null}},"2":{"style":{"borderLeft":null,"borderTop":null,"borderRight":null,"borderBottom":null}},"3":{"style":{"borderLeft":null,"borderTop":null,"borderRight":null,"borderBottom":null}},"4":{"style":{"borderLeft":null,"borderTop":null,"borderRight":null,"borderBottom":null}}},"134":{"0":{"style":{"borderLeft":null,"borderTop":null,"borderRight":null,"borderBottom":null}},"1":{"style":{"borderLeft":null,"borderTop":null,"borderRight":null,"borderBottom":null}},"2":{"style":{"borderLeft":null,"borderTop":null,"borderRight":null,"borderBottom":null}},"3":{"style":{"borderLeft":null,"borderTop":null,"borderRight":null,"borderBottom":null}},"4":{"style":{"borderLeft":null,"borderTop":null,"borderRight":null,"borderBottom":null}}},"135":{"0":{"style":{"borderLeft":null,"borderTop":null,"borderRight":null,"borderBottom":null}},"1":{"style":{"borderLeft":null,"borderTop":null,"borderRight":null,"borderBottom":null}},"2":{"style":{"borderLeft":null,"borderTop":null,"borderRight":null,"borderBottom":null}},"3":{"style":{"borderLeft":null,"borderTop":null,"borderRight":null,"borderBottom":null}},"4":{"style":{"borderLeft":null,"borderTop":null,"borderRight":null,"borderBottom":null}}},"136":{"0":{"style":{"borderLeft":null,"borderTop":null,"borderRight":null,"borderBottom":null}},"1":{"style":{"borderLeft":null,"borderTop":null,"borderRight":null,"borderBottom":null}},"2":{"style":{"borderLeft":null,"borderTop":null,"borderRight":null,"borderBottom":null}},"3":{"style":{"borderLeft":null,"borderTop":null,"borderRight":null,"borderBottom":null}},"4":{"style":{"borderLeft":null,"borderTop":null,"borderRight":null,"borderBottom":null}}},"137":{"0":{"style":{"borderLeft":null,"borderTop":null,"borderRight":null,"borderBottom":null}},"1":{"style":{"borderLeft":null,"borderTop":null,"borderRight":null,"borderBottom":null}},"2":{"style":{"borderLeft":null,"borderTop":null,"borderRight":null,"borderBottom":null}},"3":{"style":{"borderLeft":null,"borderTop":null,"borderRight":null,"borderBottom":null}},"4":{"style":{"borderLeft":null,"borderTop":null,"borderRight":null,"borderBottom":null}}},"138":{"0":{"style":{"borderLeft":null,"borderTop":null,"borderRight":null,"borderBottom":null}},"1":{"style":{"borderLeft":null,"borderTop":null,"borderRight":null,"borderBottom":null}},"2":{"style":{"borderLeft":null,"borderTop":null,"borderRight":null,"borderBottom":null}},"3":{"style":{"borderLeft":null,"borderTop":null,"borderRight":null,"borderBottom":null}},"4":{"style":{"borderLeft":null,"borderTop":null,"borderRight":null,"borderBottom":null}}},"139":{"0":{"style":{"borderLeft":null,"borderTop":null,"borderRight":null,"borderBottom":null}},"1":{"style":{"borderLeft":null,"borderTop":null,"borderRight":null,"borderBottom":null}},"2":{"style":{"borderLeft":null,"borderTop":null,"borderRight":null,"borderBottom":null}},"3":{"style":{"borderLeft":null,"borderTop":null,"borderRight":null,"borderBottom":null}},"4":{"style":{"borderLeft":null,"borderTop":null,"borderRight":null,"borderBottom":null}}},"140":{"0":{"style":{"borderLeft":null,"borderTop":null,"borderRight":null,"borderBottom":null}},"1":{"style":{"borderLeft":null,"borderTop":null,"borderRight":null,"borderBottom":null}},"2":{"style":{"borderLeft":null,"borderTop":null,"borderRight":null,"borderBottom":null}},"3":{"style":{"borderLeft":null,"borderTop":null,"borderRight":null,"borderBottom":null}},"4":{"style":{"borderLeft":null,"borderTop":null,"borderRight":null,"borderBottom":null}}},"141":{"0":{"style":{"borderLeft":null,"borderTop":null,"borderRight":null,"borderBottom":null}},"1":{"style":{"borderLeft":null,"borderTop":null,"borderRight":null,"borderBottom":null}},"2":{"style":{"borderLeft":null,"borderTop":null,"borderRight":null,"borderBottom":null}},"3":{"style":{"borderLeft":null,"borderTop":null,"borderRight":null,"borderBottom":null}},"4":{"style":{"borderLeft":null,"borderTop":null,"borderRight":null,"borderBottom":null}}},"142":{"0":{"style":{"borderLeft":null,"borderTop":null,"borderRight":null,"borderBottom":null}},"1":{"style":{"borderLeft":null,"borderTop":null,"borderRight":null,"borderBottom":null}},"2":{"style":{"borderLeft":null,"borderTop":null,"borderRight":null,"borderBottom":null}},"3":{"style":{"borderLeft":null,"borderTop":null,"borderRight":null,"borderBottom":null}},"4":{"style":{"borderLeft":null,"borderTop":null,"borderRight":null,"borderBottom":null}}},"143":{"0":{"style":{"borderLeft":null,"borderTop":null,"borderRight":null,"borderBottom":null}},"1":{"style":{"borderLeft":null,"borderTop":null,"borderRight":null,"borderBottom":null}},"2":{"style":{"borderLeft":null,"borderTop":null,"borderRight":null,"borderBottom":null}},"3":{"style":{"borderLeft":null,"borderTop":null,"borderRight":null,"borderBottom":null}},"4":{"style":{"borderLeft":null,"borderTop":null,"borderRight":null,"borderBottom":null}}},"144":{"0":{"style":{"borderLeft":null,"borderTop":null,"borderRight":null,"borderBottom":null}},"1":{"style":{"borderLeft":null,"borderTop":null,"borderRight":null,"borderBottom":null}},"2":{"style":{"borderLeft":null,"borderTop":null,"borderRight":null,"borderBottom":null}},"3":{"style":{"borderLeft":null,"borderTop":null,"borderRight":null,"borderBottom":null}},"4":{"style":{"borderLeft":null,"borderTop":null,"borderRight":null,"borderBottom":null}}},"145":{"0":{"style":{"borderLeft":null,"borderTop":null,"borderRight":null,"borderBottom":null}},"1":{"style":{"borderLeft":null,"borderTop":null,"borderRight":null,"borderBottom":null}},"2":{"style":{"borderLeft":null,"borderTop":null,"borderRight":null,"borderBottom":null}},"3":{"style":{"borderLeft":null,"borderTop":null,"borderRight":null,"borderBottom":null}},"4":{"style":{"borderLeft":null,"borderTop":null,"borderRight":null,"borderBottom":null}}},"146":{"0":{"style":{"borderLeft":null,"borderTop":null,"borderRight":null,"borderBottom":null}},"1":{"style":{"borderLeft":null,"borderTop":null,"borderRight":null,"borderBottom":null}},"2":{"style":{"borderLeft":null,"borderTop":null,"borderRight":null,"borderBottom":null}},"3":{"style":{"borderLeft":null,"borderTop":null,"borderRight":null,"borderBottom":null}},"4":{"style":{"borderLeft":null,"borderTop":null,"borderRight":null,"borderBottom":null}}},"147":{"0":{"style":{"borderLeft":null,"borderTop":null,"borderRight":null,"borderBottom":null}},"1":{"style":{"borderLeft":null,"borderTop":null,"borderRight":null,"borderBottom":null}},"2":{"style":{"borderLeft":null,"borderTop":null,"borderRight":null,"borderBottom":null}},"3":{"style":{"borderLeft":null,"borderTop":null,"borderRight":null,"borderBottom":null}},"4":{"style":{"borderLeft":null,"borderTop":null,"borderRight":null,"borderBottom":null}}},"148":{"0":{"style":{"borderLeft":null,"borderTop":null,"borderRight":null,"borderBottom":null}},"1":{"style":{"borderLeft":null,"borderTop":null,"borderRight":null,"borderBottom":null}},"2":{"style":{"borderLeft":null,"borderTop":null,"borderRight":null,"borderBottom":null}},"3":{"style":{"borderLeft":null,"borderTop":null,"borderRight":null,"borderBottom":null}},"4":{"style":{"borderLeft":null,"borderTop":null,"borderRight":null,"borderBottom":null}}},"149":{"0":{"style":{"borderLeft":null,"borderTop":null,"borderRight":null,"borderBottom":null}},"1":{"style":{"borderLeft":null,"borderTop":null,"borderRight":null,"borderBottom":null}},"2":{"style":{"borderLeft":null,"borderTop":null,"borderRight":null,"borderBottom":null}},"3":{"style":{"borderLeft":null,"borderTop":null,"borderRight":null,"borderBottom":null}},"4":{"style":{"borderLeft":null,"borderTop":null,"borderRight":null,"borderBottom":null}}},"150":{"0":{"style":{"borderLeft":null,"borderTop":null,"borderRight":null,"borderBottom":null}},"1":{"style":{"borderLeft":null,"borderTop":null,"borderRight":null,"borderBottom":null}},"2":{"style":{"borderLeft":null,"borderTop":null,"borderRight":null,"borderBottom":null}},"3":{"style":{"borderLeft":null,"borderTop":null,"borderRight":null,"borderBottom":null}},"4":{"style":{"borderLeft":null,"borderTop":null,"borderRight":null,"borderBottom":null}}},"151":{"0":{"style":{"borderLeft":null,"borderTop":null,"borderRight":null,"borderBottom":null}},"1":{"style":{"borderLeft":null,"borderTop":null,"borderRight":null,"borderBottom":null}},"2":{"style":{"borderLeft":null,"borderTop":null,"borderRight":null,"borderBottom":null}},"3":{"style":{"borderLeft":null,"borderTop":null,"borderRight":null,"borderBottom":null}},"4":{"style":{"borderLeft":null,"borderTop":null,"borderRight":null,"borderBottom":null}}},"152":{"0":{"style":{"borderLeft":null,"borderTop":null,"borderRight":null,"borderBottom":null}},"1":{"style":{"borderLeft":null,"borderTop":null,"borderRight":null,"borderBottom":null}},"2":{"style":{"borderLeft":null,"borderTop":null,"borderRight":null,"borderBottom":null}},"3":{"style":{"borderLeft":null,"borderTop":null,"borderRight":null,"borderBottom":null}},"4":{"style":{"borderLeft":null,"borderTop":null,"borderRight":null,"borderBottom":null}}},"153":{"0":{"style":{"borderLeft":null,"borderTop":null,"borderRight":null,"borderBottom":null}},"1":{"style":{"borderLeft":null,"borderTop":null,"borderRight":null,"borderBottom":null}},"2":{"style":{"borderLeft":null,"borderTop":null,"borderRight":null,"borderBottom":null}},"3":{"style":{"borderLeft":null,"borderTop":null,"borderRight":null,"borderBottom":null}},"4":{"style":{"borderLeft":null,"borderTop":null,"borderRight":null,"borderBottom":null}}},"154":{"0":{"style":{"borderLeft":null,"borderTop":null,"borderRight":null,"borderBottom":null}},"1":{"style":{"borderLeft":null,"borderTop":null,"borderRight":null,"borderBottom":null}},"2":{"style":{"borderLeft":null,"borderTop":null,"borderRight":null,"borderBottom":null}},"3":{"style":{"borderLeft":null,"borderTop":null,"borderRight":null,"borderBottom":null}},"4":{"style":{"borderLeft":null,"borderTop":null,"borderRight":null,"borderBottom":null}}}},"defaultDataNode":{"style":{"themeFont":"Body"}}},"rowHeaderData":{"defaultDataNode":{"style":{"themeFont":"Body"}}},"colHeaderData":{"dataTable":{"0":{"0":{"value":"增值税纳税申报表附列资料（二）","style":{"font":"normal bold 12pt Calibri","borderLeft":{"color":"rgb(0,0,0)","style":1},"borderRight":{"color":"rgb(0,0,0)","style":1},"borderBottom":{"color":"rgb(255, 255, 255)","style":1}}},"1":{"style":{"font":"normal bold 12pt Calibri","borderLeft":{"color":"rgb(0,0,0)","style":1},"borderRight":{"color":"rgb(0,0,0)","style":1},"borderBottom":{"color":"rgb(255, 255, 255)","style":1}}},"2":{"style":{"font":"normal bold 12pt Calibri","borderLeft":{"color":"rgb(0,0,0)","style":1},"borderRight":{"color":"rgb(0,0,0)","style":1},"borderBottom":{"color":"rgb(255, 255, 255)","style":1}}},"3":{"style":{"font":"normal bold 12pt Calibri","borderLeft":{"color":"rgb(0,0,0)","style":1},"borderRight":{"color":"rgb(0,0,0)","style":1},"borderBottom":{"color":"rgb(255, 255, 255)","style":1}}},"4":{"style":{"font":"normal bold 12pt Calibri","borderLeft":{"color":"rgb(0,0,0)","style":1},"borderRight":{"color":"rgb(0,0,0)","style":1},"borderBottom":{"color":"rgb(255, 255, 255)","style":1}}}},"1":{"0":{"value":"（本期进项税额明细）","style":{"font":"normal normal 10pt Calibri","borderLeft":{"color":"rgb(0,0,0)","style":1},"borderRight":{"color":"rgb(0,0,0)","style":1},"borderBottom":{"color":"rgb(0, 0, 0)","style":1}}},"1":{"style":{"font":"normal normal 10pt Calibri","borderLeft":{"color":"rgb(0,0,0)","style":1},"borderRight":{"color":"rgb(0,0,0)","style":1},"borderBottom":{"color":"rgb(0, 0, 0)","style":1}}},"2":{"style":{"font":"normal normal 10pt Calibri","borderLeft":{"color":"rgb(0,0,0)","style":1},"borderRight":{"color":"rgb(0,0,0)","style":1},"borderBottom":{"color":"rgb(0, 0, 0)","style":1}}},"3":{"style":{"font":"normal normal 10pt Calibri","borderLeft":{"color":"rgb(0,0,0)","style":1},"borderRight":{"color":"rgb(0,0,0)","style":1},"borderBottom":{"color":"rgb(0, 0, 0)","style":1}}},"4":{"style":{"font":"normal normal 10pt Calibri","borderLeft":{"color":"rgb(0,0,0)","style":1},"borderRight":{"color":"rgb(0,0,0)","style":1},"borderBottom":{"color":"rgb(0, 0, 0)","style":1}}}},"2":{"0":{"value":"税款所属时间： 年    月   日至    年    月    日 ","style":{"font":"normal normal 10pt Calibri","borderLeft":{"color":"rgb(0,0,0)","style":1},"borderRight":{"color":"rgb(0,0,0)","style":1},"borderBottom":{"color":"rgb(0, 0, 0)","style":1}}},"1":{"style":{"font":"normal normal 10pt Calibri","borderLeft":{"color":"rgb(0,0,0)","style":1},"borderRight":{"color":"rgb(0,0,0)","style":1},"borderBottom":{"color":"rgb(0, 0, 0)","style":1}}},"2":{"style":{"font":"normal normal 10pt Calibri","borderLeft":{"color":"rgb(0,0,0)","style":1},"borderRight":{"color":"rgb(0,0,0)","style":1},"borderBottom":{"color":"rgb(0, 0, 0)","style":1}}},"3":{"style":{"font":"normal normal 10pt Calibri","borderLeft":{"color":"rgb(0,0,0)","style":1},"borderRight":{"color":"rgb(0,0,0)","style":1},"borderBottom":{"color":"rgb(0, 0, 0)","style":1}}},"4":{"style":{"font":"normal normal 10pt Calibri","borderLeft":{"color":"rgb(0,0,0)","style":1},"borderRight":{"color":"rgb(0,0,0)","style":1},"borderBottom":{"color":"rgb(0, 0, 0)","style":1}}}},"3":{"0":{"value":"","style":{"font":"normal normal 10pt Calibri","borderLeft":{"color":"rgb(0,0,0)","style":1},"borderRight":{"color":"rgb(0,0,0)","style":1},"borderBottom":{"color":"rgb(0, 0, 0)","style":1}}},"1":{"value":"","style":{"font":"normal normal 10pt Calibri","borderLeft":{"color":"rgb(0,0,0)","style":1},"borderRight":{"color":"rgb(0,0,0)","style":1},"borderBottom":{"color":"rgb(0, 0, 0)","style":1}}},"2":{"value":"","style":{"font":"normal normal 10pt Calibri","borderLeft":{"color":"rgb(0,0,0)","style":1},"borderRight":{"color":"rgb(0,0,0)","style":1},"borderBottom":{"color":"rgb(0, 0, 0)","style":1}}},"3":{"value":"","style":{"font":"normal normal 10pt Calibri","borderLeft":{"color":"rgb(0,0,0)","style":1},"borderRight":{"color":"rgb(0,0,0)","style":1},"borderBottom":{"color":"rgb(0, 0, 0)","style":1}}},"4":{"value":"","style":{"font":"normal normal 10pt Calibri","borderLeft":{"color":"rgb(0,0,0)","style":1},"borderRight":{"color":"rgb(0,0,0)","style":1},"borderBottom":{"color":"rgb(0, 0, 0)","style":1}}}}},"defaultDataNode":{"style":{"themeFont":"Body"}}},"rows":[{"size":20,"visible":true,"resizable":true},{"size":20,"visible":true,"resizable":true},{"size":20,"visible":true,"resizable":true},{"size":20,"visible":true,"resizable":true},{"size":20,"visible":true,"resizable":true},{"size":20,"visible":true,"resizable":true},{"size":20,"visible":true,"resizable":true},{"size":20,"visible":true,"resizable":true},{"size":20,"visible":true,"resizable":true},{"size":20,"visible":true,"resizable":true},{"size":20,"visible":true,"resizable":true},{"size":20,"visible":true,"resizable":true},{"size":20,"visible":true,"resizable":true},{"size":20,"visible":true,"resizable":true},{"size":20,"visible":true,"resizable":true},{"size":20,"visible":true,"resizable":true},{"size":20,"visible":true,"resizable":true},{"size":20,"visible":true,"resizable":true},{"size":20,"visible":true,"resizable":true},{"size":20,"visible":true,"resizable":true},{"size":20,"visible":true,"resizable":true},{"size":20,"visible":true,"resizable":true},{"size":20,"visible":true,"resizable":true},{"size":20,"visible":true,"resizable":true},{"size":20,"visible":true,"resizable":true},{"size":20,"visible":true,"resizable":true},{"size":20,"visible":true,"resizable":true},{"size":20,"visible":true,"resizable":true},{"size":20,"visible":true,"resizable":true},{"size":20,"visible":true,"resizable":true},{"size":20,"visible":true,"resizable":true},{"size":20,"visible":true,"resizable":true},{"size":20,"visible":true,"resizable":true},{"size":20,"visible":true,"resizable":true},{"size":20,"visible":true,"resizable":true},{"size":20,"visible":true,"resizable":true},{"size":20,"visible":true,"resizable":true},{"size":20,"visible":true,"resizable":true},{"size":20,"visible":true,"resizable":true},{"size":20,"visible":true,"resizable":true},{"size":20,"visible":true,"resizable":true},{"size":20,"visible":true,"resizable":true},{"size":20,"visible":true,"resizable":true},{"size":20,"visible":true,"resizable":true},{"size":20,"visible":true,"resizable":true},{"size":20,"visible":true,"resizable":true},{"size":20,"visible":true,"resizable":true},{"size":20,"visible":true,"resizable":true},{"size":20,"visible":true,"resizable":true},{"size":20,"visible":true,"resizable":true},{"size":20,"visible":true,"resizable":true},{"size":20,"visible":true,"resizable":true},{"size":20,"visible":true,"resizable":true},{"size":20,"visible":true,"resizable":true},{"size":20,"visible":true,"resizable":true},{"size":20,"visible":true,"resizable":true},{"size":20,"visible":true,"resizable":true},{"size":20,"visible":true,"resizable":true},{"size":20,"visible":true,"resizable":true},{"size":20,"visible":true,"resizable":true},{"size":20,"visible":true,"resizable":true},{"size":20,"visible":true,"resizable":true},{"size":20,"visible":true,"resizable":true},{"size":20,"visible":true,"resizable":true},{"size":20,"visible":true,"resizable":true},{"size":20,"visible":true,"resizable":true},{"size":20,"visible":true,"resizable":true},{"size":20,"visible":true,"resizable":true},{"size":20,"visible":true,"resizable":true},{"size":20,"visible":true,"resizable":true},{"size":20,"visible":true,"resizable":true},{"size":20,"visible":true,"resizable":true},{"size":20,"visible":true,"resizable":true},{"size":20,"visible":true,"resizable":true},{"size":20,"visible":true,"resizable":true},{"size":20,"visible":true,"resizable":true},{"size":20,"visible":true,"resizable":true},{"size":20,"visible":true,"resizable":true},{"size":20,"visible":true,"resizable":true},{"size":20,"visible":true,"resizable":true},{"size":20,"visible":true,"resizable":true},{"size":20,"visible":true,"resizable":true},{"size":20,"visible":true,"resizable":true},{"size":20,"visible":true,"resizable":true},{"size":20,"visible":true,"resizable":true},{"size":20,"visible":true,"resizable":true},{"size":20,"visible":true,"resizable":true},{"size":20,"visible":true,"resizable":true},{"size":20,"visible":true,"resizable":true},{"size":20,"visible":true,"resizable":true},{"size":20,"visible":true,"resizable":true},{"size":20,"visible":true,"resizable":true},{"size":20,"visible":true,"resizable":true},{"size":20,"visible":true,"resizable":true},{"size":20,"visible":true,"resizable":true},{"size":20,"visible":true,"resizable":true},{"size":20,"visible":true,"resizable":true},{"size":20,"visible":true,"resizable":true},{"size":20,"visible":true,"resizable":true},{"size":20,"visible":true,"resizable":true},{"size":20,"visible":true,"resizable":true},{"size":20,"visible":true,"resizable":true},{"size":20,"visible":true,"resizable":true},{"size":20,"visible":true,"resizable":true},{"size":20,"visible":true,"resizable":true},{"size":20,"visible":true,"resizable":true},{"size":20,"visible":true,"resizable":true},{"size":20,"visible":true,"resizable":true},{"size":20,"visible":true,"resizable":true},{"size":20,"visible":true,"resizable":true},{"size":20,"visible":true,"resizable":true},{"size":20,"visible":true,"resizable":true},{"size":20,"visible":true,"resizable":true},{"size":20,"visible":true,"resizable":true},{"size":20,"visible":true,"resizable":true},{"size":20,"visible":true,"resizable":true},{"size":20,"visible":true,"resizable":true},{"size":20,"visible":true,"resizable":true},{"size":20,"visible":true,"resizable":true},{"size":20,"visible":true,"resizable":true},{"size":20,"visible":true,"resizable":true},{"size":20,"visible":true,"resizable":true},{"size":20,"visible":true,"resizable":true},{"size":20,"visible":true,"resizable":true},{"size":20,"visible":true,"resizable":true},{"size":20,"visible":true,"resizable":true},{"size":20,"visible":true,"resizable":true},{"size":20,"visible":true,"resizable":true},{"size":20,"visible":true,"resizable":true},{"size":20,"visible":true,"resizable":true},{"size":20,"visible":true,"resizable":true},{"size":20,"visible":true,"resizable":true},{"size":20,"visible":true,"resizable":true},{"size":20,"visible":true,"resizable":true},{"size":20,"visible":true,"resizable":true},{"size":20,"visible":true,"resizable":true},{"size":20,"visible":true,"resizable":true},{"size":20,"visible":true,"resizable":true},{"size":20,"visible":true,"resizable":true},{"size":20,"visible":true,"resizable":true},{"size":20,"visible":true,"resizable":true},{"size":20,"visible":true,"resizable":true},{"size":20,"visible":true,"resizable":true},{"size":20,"visible":true,"resizable":true},{"size":20,"visible":true,"resizable":true},{"size":20,"visible":true,"resizable":true},{"size":20,"visible":true,"resizable":true},{"size":20,"visible":true,"resizable":true},{"size":20,"visible":true,"resizable":true},{"size":20,"visible":true,"resizable":true},{"size":20,"visible":true,"resizable":true},{"size":20,"visible":true,"resizable":true},{"size":20,"visible":true,"resizable":true},{"size":20,"visible":true,"resizable":true},{"size":20,"visible":true,"resizable":true}],"columns":[{"size":375,"visible":true,"resizable":true},{"size":106,"visible":true,"resizable":true},{"size":155,"visible":true,"resizable":true},{"size":104,"visible":true,"resizable":true},{"size":154,"visible":true,"resizable":true}],"rowHeaderColInfos":[{"size":40,"visible":true,"resizable":true}],"colHeaderRowInfos":[{"size":20,"visible":true,"resizable":true},{"size":20,"visible":true,"resizable":true},{"size":20,"visible":true,"resizable":true},{"size":20,"visible":true,"resizable":true}],"spans":[{"row":0,"rowCount":1,"col":0,"colCount":5}],"colHeaderSpan":[{"row":0,"rowCount":1,"col":0,"colCount":5},{"row":1,"rowCount":1,"col":0,"colCount":5},{"row":2,"rowCount":1,"col":0,"colCount":5},{"row":3,"rowCount":1,"col":0,"colCount":5}],"selections":{"0":{"row":13,"rowCount":2,"col":3,"colCount":1},"length":1},"outlineColumnOptions":{},"tables":[{"name":"Table1","row":1,"col":0,"rowCount":6,"colCount":5,"bandRows":false,"rowFilter":{"range":{"row":2,"rowCount":5,"col":0,"colCount":5},"typeName":"HideRowFilter","dialogVisibleInfo":{},"filterButtonVisibleInfo":{"0":false,"1":false,"2":false,"3":false,"4":false},"showFilterButton":false},"columns":[{"id":1,"name":"项目"},{"id":4,"name":"栏次"},{"id":5,"name":"份数"},{"id":6,"name":"金额"},{"id":7,"name":"税额"}]},{"name":"Table2","row":8,"col":0,"rowCount":11,"colCount":5,"style":{"buildInName":"Light1"},"rowFilter":{"range":{"row":9,"rowCount":10,"col":0,"colCount":5},"typeName":"HideRowFilter","dialogVisibleInfo":{},"filterButtonVisibleInfo":{"0":true,"1":true,"2":true,"3":true,"4":true},"showFilterButton":true},"columns":[{"id":1,"name":"Column1"},{"id":2,"name":"Column2"},{"id":3,"name":"Column3"},{"id":4,"name":"Column4"},{"id":5,"name":"Column5"}]}],"index":0}},"designerBindingPathSchema":{"$schema":"http://json-schema.org/draft-04/schema#","properties":{"sfdlsb":{"dataFieldType":"button","type":"string"}},"type":"object"}}